/*
 Navicat Premium Data Transfer

 Source Server         : joinventory.web
 Source Server Type    : MariaDB
 Source Server Version : 100023
 Source Host           : joinventory.web:3306
 Source Schema         : joinventory

 Target Server Type    : MariaDB
 Target Server Version : 100023
 File Encoding         : 65001

 Date: 02/10/2020 16:03:38
*/

SET NAMES utf8mb4;
SET FOREIGN_KEY_CHECKS = 0;

-- ----------------------------
-- Table structure for gt_devols
-- ----------------------------
DROP TABLE IF EXISTS `gt_devols`;
CREATE TABLE `gt_devols`  (
  `idDevol` int(255) NOT NULL AUTO_INCREMENT,
  `userDevol` varchar(255) CHARACTER SET latin1 COLLATE latin1_swedish_ci NULL DEFAULT NULL,
  `fechaDevol` varchar(255) CHARACTER SET latin1 COLLATE latin1_swedish_ci NULL DEFAULT NULL,
  `objDevol` varchar(5000) CHARACTER SET latin1 COLLATE latin1_swedish_ci NULL DEFAULT NULL,
  `statusDevol` varchar(255) CHARACTER SET latin1 COLLATE latin1_swedish_ci NULL DEFAULT NULL,
  PRIMARY KEY (`idDevol`) USING BTREE
) ENGINE = InnoDB AUTO_INCREMENT = 31 CHARACTER SET = latin1 COLLATE = latin1_swedish_ci ROW_FORMAT = Compact;

-- ----------------------------
-- Records of gt_devols
-- ----------------------------
INSERT INTO `gt_devols` VALUES (28, '', '2020-10-02 20:45:07', '\"[{\"codarticulo\":\"3486\",\"talla\":\"410\",\"color\":\"001\",\"oldquantity\":\"60\",\"barcode\":\"001MD44309001410\",\"returnquantity\":\"4\",\"cajamas\":\"123\",\"ubi\":\"0000\",\"doc\":\"618\"}]\"', '1');
INSERT INTO `gt_devols` VALUES (29, '3', '2020-10-02 20:50:36', '\"[{\"codarticulo\":\"3486\",\"talla\":\"400\",\"color\":\"001\",\"oldquantity\":\"84\",\"barcode\":\"001MD44309001400\",\"returnquantity\":\"6\",\"cajamas\":\"123\",\"ubi\":\"0000\",\"doc\":\"618\"},{\"codarticulo\":\"3486\",\"talla\":\"400\",\"color\":\"001\",\"oldquantity\":\"84\",\"barcode\":\"001MD44309001400\",\"returnquantity\":\"18\",\"cajamas\":\"1232\",\"ubi\":\"0000\",\"doc\":\"618\"}]\"', '1');
INSERT INTO `gt_devols` VALUES (30, '3', '2020-10-02 20:50:47', '\"[{\"codarticulo\":\"3486\",\"talla\":\"400\",\"color\":\"001\",\"oldquantity\":\"84\",\"barcode\":\"001MD44309001400\",\"returnquantity\":\"6\",\"cajamas\":\"123\",\"ubi\":\"0000\",\"doc\":\"618\"},{\"codarticulo\":\"3486\",\"talla\":\"400\",\"color\":\"001\",\"oldquantity\":\"84\",\"barcode\":\"001MD44309001400\",\"returnquantity\":\"18\",\"cajamas\":\"1232\",\"ubi\":\"0000\",\"doc\":\"618\"}]\"', '1');

-- ----------------------------
-- Table structure for gt_leads
-- ----------------------------
DROP TABLE IF EXISTS `gt_leads`;
CREATE TABLE `gt_leads`  (
  `idLead` int(255) NOT NULL AUTO_INCREMENT,
  `guidLead` varchar(255) CHARACTER SET latin1 COLLATE latin1_swedish_ci NULL DEFAULT NULL,
  `dateLead` varchar(255) CHARACTER SET latin1 COLLATE latin1_swedish_ci NULL DEFAULT NULL,
  `portalLead` varchar(255) CHARACTER SET latin1 COLLATE latin1_swedish_ci NULL DEFAULT NULL,
  `nameLead` varchar(255) CHARACTER SET latin1 COLLATE latin1_swedish_ci NULL DEFAULT NULL,
  `phoneLead` varchar(255) CHARACTER SET latin1 COLLATE latin1_swedish_ci NULL DEFAULT NULL,
  `emailLead` varchar(255) CHARACTER SET latin1 COLLATE latin1_swedish_ci NULL DEFAULT NULL,
  `miscLead` varchar(255) CHARACTER SET latin1 COLLATE latin1_swedish_ci NULL DEFAULT NULL,
  PRIMARY KEY (`idLead`) USING BTREE
) ENGINE = MyISAM AUTO_INCREMENT = 6 CHARACTER SET = latin1 COLLATE = latin1_swedish_ci ROW_FORMAT = Dynamic;

-- ----------------------------
-- Records of gt_leads
-- ----------------------------
INSERT INTO `gt_leads` VALUES (1, 'K5CR18JTJEAFI', '2020-01-13 17:56:56', 'bienvenido_', 'Frank Montagne', '0987854785', 'iedaw@aiwudaw.com', NULL);
INSERT INTO `gt_leads` VALUES (2, 'K5CR18JTJEAFI', '2020-01-13 18:00:23', 'bienvenido_', 'Frank Montagne', '0987854785', 'iedaw@aiwudaw.com', NULL);
INSERT INTO `gt_leads` VALUES (3, 'K5CT4CI7J1FUH', '2020-01-13 18:58:15', 'bienvenido_', 'Frank Montagne', '0987854785', 'iedaw@aiwudaw.com', NULL);
INSERT INTO `gt_leads` VALUES (4, 'K5CTKODUAZCCX', '2020-01-13 20:03:11', 'portal_go_trade', 'Frank', '0979046196', 'frank@gotrade.com.ec', NULL);
INSERT INTO `gt_leads` VALUES (5, 'K5CX77QB1I8BD', '2020-01-13 20:49:32', 'portal_go_trade', 'Danais', '0982667613', 'ucidanais@gmail.com', NULL);

-- ----------------------------
-- Table structure for gt_portalDetail
-- ----------------------------
DROP TABLE IF EXISTS `gt_portalDetail`;
CREATE TABLE `gt_portalDetail`  (
  `idDetail` int(255) NOT NULL AUTO_INCREMENT,
  `idPortal` int(255) NULL DEFAULT NULL,
  `titlePortal` varchar(255) CHARACTER SET latin1 COLLATE latin1_swedish_ci NULL DEFAULT NULL,
  `bgPortal` varchar(255) CHARACTER SET latin1 COLLATE latin1_swedish_ci NULL DEFAULT NULL,
  `formPortal` varchar(5000) CHARACTER SET latin1 COLLATE latin1_swedish_ci NULL DEFAULT NULL,
  `hasFbPortal` varchar(255) CHARACTER SET latin1 COLLATE latin1_swedish_ci NULL DEFAULT NULL,
  `dateDetailPortal` varchar(255) CHARACTER SET latin1 COLLATE latin1_swedish_ci NULL DEFAULT NULL,
  PRIMARY KEY (`idDetail`) USING BTREE
) ENGINE = InnoDB AUTO_INCREMENT = 86 CHARACTER SET = latin1 COLLATE = latin1_swedish_ci ROW_FORMAT = Compact;

-- ----------------------------
-- Records of gt_portalDetail
-- ----------------------------
INSERT INTO `gt_portalDetail` VALUES (12, 29, 'Ingrese sus datos para continuar', '1.jpg', '  \r\n    <form name=\"login_form\" method=\"post\">\r\n        <input type=\"text\" name=\"nombreCliente\" placeholder=\"Nombre completo\" id=\"nomreUser\">\r\n        <input type=\"text\" name=\"telefonoCliente\" placeholder=\"Telefono de contacto\" id=\"telUser\">\r\n        <input type=\"text\" name=\"emailCliente\" placeholder=\"Correo electronico\" id=\"emailUser\">\r\n        <div class=\"login-help\">\r\n            <ul class=\"list\">\r\n                <li class=\"list__item\">\r\n                    <label class=\"label--checkbox\">\r\n                        <input type=\"checkbox\" class=\"checkbox\" onchange=\"disableSubmit(!this.checked)\">\r\n                        <span> Acepto todos los <a target=\"_blank\" rel=\"noopener\" href=\"#\"> términos y condiciones</a></span>\r\n                    </label>\r\n                </li>\r\n            </ul>\r\n        </div>\r\n        <input type=\"submit\" name=\"accept\" class=\"login login-submit\" value=\"Enviar\" id=\"btnLogin\" disabled>\r\n        ___FBBTN___\r\n    </form>', '0', '2020-01-08 16:45:07');
INSERT INTO `gt_portalDetail` VALUES (13, 30, 'Ingrese sus datos para continuar', '1.jpg', '  \r\n    <form name=\"login_form\" method=\"post\">\r\n        <input type=\"text\" name=\"nombreCliente\" placeholder=\"Nombre completo\" id=\"nomreUser\">\r\n        <input type=\"text\" name=\"telefonoCliente\" placeholder=\"Telefono de contacto\" id=\"telUser\">\r\n        <input type=\"text\" name=\"emailCliente\" placeholder=\"Correo electronico\" id=\"emailUser\">\r\n        <div class=\"login-help\">\r\n            <ul class=\"list\">\r\n                <li class=\"list__item\">\r\n                    <label class=\"label--checkbox\">\r\n                        <input type=\"checkbox\" class=\"checkbox\" onchange=\"disableSubmit(!this.checked)\">\r\n                        <span> Acepto todos los <a target=\"_blank\" rel=\"noopener\" href=\"#\"> términos y condiciones</a></span>\r\n                    </label>\r\n                </li>\r\n            </ul>\r\n        </div>\r\n        <input type=\"submit\" name=\"accept\" class=\"login login-submit\" value=\"Enviar\" id=\"btnLogin\" disabled>\r\n        ___FBBTN___\r\n    </form>', '0', '2020-01-09 17:27:21');
INSERT INTO `gt_portalDetail` VALUES (14, 30, 'Ingrese sus datos para continuar', '1.jpg', '  \r\n    <form name=\"login_form\" method=\"post\">\r\n        <input type=\"text\" name=\"nombreCliente\" placeholder=\"Nombre completo\" id=\"nomreUser\">\r\n        <input type=\"text\" name=\"telefonoCliente\" placeholder=\"Telefono de contacto\" id=\"telUser\">\r\n        <input type=\"text\" name=\"emailCliente\" placeholder=\"Correo electronico\" id=\"emailUser\">\r\n        <div class=\"login-help\">\r\n            <ul class=\"list\">\r\n                <li class=\"list__item\">\r\n                    <label class=\"label--checkbox\">\r\n                        <input type=\"checkbox\" class=\"checkbox\" onchange=\"disableSubmit(!this.checked)\">\r\n                        <span> Acepto todos los <a target=\"_blank\" rel=\"noopener\" href=\"#\"> términos y condiciones</a></span>\r\n                    </label>\r\n                </li>\r\n            </ul>\r\n        </div>\r\n        <input type=\"submit\" name=\"accept\" class=\"login login-submit\" value=\"Enviar\" id=\"btnLogin\" disabled>\r\n        ___FBBTN___\r\n    </form>', '1', '2020-01-09 18:39:39');
INSERT INTO `gt_portalDetail` VALUES (15, 30, 'Ingrese sus datos para continuar', '1.jpg', '  \r\n    <form name=\"login_form\" method=\"post\">\r\n        <input type=\"text\" name=\"nombreCliente\" placeholder=\"Nombre completo\" id=\"nomreUser\">\r\n        <input type=\"text\" name=\"telefonoCliente\" placeholder=\"Telefono de contacto\" id=\"telUser\">\r\n        <input type=\"text\" name=\"emailCliente\" placeholder=\"Correo electronico\" id=\"emailUser\">\r\n        <div class=\"login-help\">\r\n            <ul class=\"list\">\r\n                <li class=\"list__item\">\r\n                    <label class=\"label--checkbox\">\r\n                        <input type=\"checkbox\" class=\"checkbox\" onchange=\"disableSubmit(!this.checked)\">\r\n                        <span> Acepto todos los <a target=\"_blank\" rel=\"noopener\" href=\"#\"> términos y condiciones</a></span>\r\n                    </label>\r\n                </li>\r\n            </ul>\r\n        </div>\r\n        <input type=\"submit\" name=\"accept\" class=\"login login-submit\" value=\"Enviar\" id=\"btnLogin\" disabled>\r\n        ___FBBTN___\r\n    </form>', '0', '2020-01-09 18:39:46');
INSERT INTO `gt_portalDetail` VALUES (16, 30, 'Ingrese sus datos para continuar', '1.jpg', '  \r\n    <form name=\"login_form\" method=\"post\">\r\n        <input type=\"text\" name=\"nombreCliente\" placeholder=\"Nombre completo\" id=\"nomreUser\">\r\n        <input type=\"text\" name=\"telefonoCliente\" placeholder=\"Telefono de contacto\" id=\"telUser\">\r\n        <input type=\"text\" name=\"emailCliente\" placeholder=\"Correo electronico\" id=\"emailUser\">\r\n        <div class=\"login-help\">\r\n            <ul class=\"list\">\r\n                <li class=\"list__item\">\r\n                    <label class=\"label--checkbox\">\r\n                        <input type=\"checkbox\" class=\"checkbox\" onchange=\"disableSubmit(!this.checked)\">\r\n                        <span> Acepto todos los <a target=\"_blank\" rel=\"noopener\" href=\"#\"> términos y condiciones</a></span>\r\n                    </label>\r\n                </li>\r\n            </ul>\r\n        </div>\r\n        <input type=\"submit\" name=\"accept\" class=\"login login-submit\" value=\"Enviar\" id=\"btnLogin\" disabled>\r\n        ___FBBTN___\r\n    </form>', '1', '2020-01-09 18:39:50');
INSERT INTO `gt_portalDetail` VALUES (17, 30, 'Ingrese sus datos para continuar', '1.jpg', '  \r\n    <form name=\"login_form\" method=\"post\">\r\n        <input type=\"text\" name=\"nombreCliente\" placeholder=\"Nombre completo\" id=\"nomreUser\">\r\n        <input type=\"text\" name=\"telefonoCliente\" placeholder=\"Telefono de contacto\" id=\"telUser\">\r\n        <input type=\"text\" name=\"emailCliente\" placeholder=\"Correo electronico\" id=\"emailUser\">\r\n        <div class=\"login-help\">\r\n            <ul class=\"list\">\r\n                <li class=\"list__item\">\r\n                    <label class=\"label--checkbox\">\r\n                        <input type=\"checkbox\" class=\"checkbox\" onchange=\"disableSubmit(!this.checked)\">\r\n                        <span> Acepto todos los <a target=\"_blank\" rel=\"noopener\" href=\"#\"> términos y condiciones</a></span>\r\n                    </label>\r\n                </li>\r\n            </ul>\r\n        </div>\r\n        <input type=\"submit\" name=\"accept\" class=\"login login-submit\" value=\"Enviar\" id=\"btnLogin\" disabled>\r\n        ___FBBTN___\r\n    </form>', '0', '2020-01-09 18:43:13');
INSERT INTO `gt_portalDetail` VALUES (18, 30, 'Ingrese sus datos para continuar', '1.jpg', '  \r\n    <form name=\"login_form\" method=\"post\">\r\n        <input type=\"text\" name=\"nombreCliente\" placeholder=\"Nombre completo\" id=\"nomreUser\">\r\n        <input type=\"text\" name=\"telefonoCliente\" placeholder=\"Telefono de contacto\" id=\"telUser\">\r\n        <input type=\"text\" name=\"emailCliente\" placeholder=\"Correo electronico\" id=\"emailUser\">\r\n        <div class=\"login-help\">\r\n            <ul class=\"list\">\r\n                <li class=\"list__item\">\r\n                    <label class=\"label--checkbox\">\r\n                        <input type=\"checkbox\" class=\"checkbox\" onchange=\"disableSubmit(!this.checked)\">\r\n                        <span> Acepto todos los <a target=\"_blank\" rel=\"noopener\" href=\"#\"> términos y condiciones</a></span>\r\n                    </label>\r\n                </li>\r\n            </ul>\r\n        </div>\r\n        <input type=\"submit\" name=\"accept\" class=\"login login-submit\" value=\"Enviar\" id=\"btnLogin\" disabled>\r\n        ___FBBTN___\r\n    </form>', '1', '2020-01-09 18:43:19');
INSERT INTO `gt_portalDetail` VALUES (19, 30, 'Ingrese sus datos para continuar', '1.jpg', '  \r\n    <form name=\"login_form\" method=\"post\">\r\n        <input type=\"text\" name=\"nombreCliente\" placeholder=\"Nombre completo\" id=\"nomreUser\">\r\n        <input type=\"text\" name=\"telefonoCliente\" placeholder=\"Telefono de contacto\" id=\"telUser\">\r\n        <input type=\"text\" name=\"emailCliente\" placeholder=\"Correo electronico\" id=\"emailUser\">\r\n        <div class=\"login-help\">\r\n            <ul class=\"list\">\r\n                <li class=\"list__item\">\r\n                    <label class=\"label--checkbox\">\r\n                        <input type=\"checkbox\" class=\"checkbox\" onchange=\"disableSubmit(!this.checked)\">\r\n                        <span> Acepto todos los <a target=\"_blank\" rel=\"noopener\" href=\"#\"> términos y condiciones</a></span>\r\n                    </label>\r\n                </li>\r\n            </ul>\r\n        </div>\r\n        <input type=\"submit\" name=\"accept\" class=\"login login-submit\" value=\"Enviar\" id=\"btnLogin\" disabled>\r\n        ___FBBTN___\r\n    </form>', '0', '2020-01-09 18:43:27');
INSERT INTO `gt_portalDetail` VALUES (20, 30, 'Ingrese sus datos para continuar', '1.jpg', '  \r\n    <form name=\"login_form\" method=\"post\">\r\n        <input type=\"text\" name=\"nombreCliente\" placeholder=\"Nombre completo\" id=\"nomreUser\">\r\n        <input type=\"text\" name=\"telefonoCliente\" placeholder=\"Telefono de contacto\" id=\"telUser\">\r\n        <input type=\"text\" name=\"emailCliente\" placeholder=\"Correo electronico\" id=\"emailUser\">\r\n        <div class=\"login-help\">\r\n            <ul class=\"list\">\r\n                <li class=\"list__item\">\r\n                    <label class=\"label--checkbox\">\r\n                        <input type=\"checkbox\" class=\"checkbox\" onchange=\"disableSubmit(!this.checked)\">\r\n                        <span> Acepto todos los <a target=\"_blank\" rel=\"noopener\" href=\"#\"> términos y condiciones</a></span>\r\n                    </label>\r\n                </li>\r\n            </ul>\r\n        </div>\r\n        <input type=\"submit\" name=\"accept\" class=\"login login-submit\" value=\"Enviar\" id=\"btnLogin\" disabled>\r\n        ___FBBTN___\r\n    </form>', '1', '2020-01-09 18:43:31');
INSERT INTO `gt_portalDetail` VALUES (21, 29, 'Ingrese sus datos para continuar', '1.jpg', '  \r\n    <form name=\"login_form\" method=\"post\">\r\n        <input type=\"text\" name=\"nombreCliente\" placeholder=\"Nombre completo\" id=\"nomreUser\">\r\n        <input type=\"text\" name=\"telefonoCliente\" placeholder=\"Telefono de contacto\" id=\"telUser\">\r\n        <input type=\"text\" name=\"emailCliente\" placeholder=\"Correo electronico\" id=\"emailUser\">\r\n        <div class=\"login-help\">\r\n            <ul class=\"list\">\r\n                <li class=\"list__item\">\r\n                    <label class=\"label--checkbox\">\r\n                        <input type=\"checkbox\" class=\"checkbox\" onchange=\"disableSubmit(!this.checked)\">\r\n                        <span> Acepto todos los <a target=\"_blank\" rel=\"noopener\" href=\"#\"> términos y condiciones</a></span>\r\n                    </label>\r\n                </li>\r\n            </ul>\r\n        </div>\r\n        <input type=\"submit\" name=\"accept\" class=\"login login-submit\" value=\"Enviar\" id=\"btnLogin\" disabled>\r\n        ___FBBTN___\r\n    </form>', '1', '2020-01-09 19:36:52');
INSERT INTO `gt_portalDetail` VALUES (22, 29, 'Ingrese sus datos para continuar', '1.jpg', '  \r\n    <form name=\"login_form\" method=\"post\">\r\n        <input type=\"text\" name=\"nombreCliente\" placeholder=\"Nombre completo\" id=\"nomreUser\">\r\n        <input type=\"text\" name=\"telefonoCliente\" placeholder=\"Telefono de contacto\" id=\"telUser\">\r\n        <input type=\"text\" name=\"emailCliente\" placeholder=\"Correo electronico\" id=\"emailUser\">\r\n        <div class=\"login-help\">\r\n            <ul class=\"list\">\r\n                <li class=\"list__item\">\r\n                    <label class=\"label--checkbox\">\r\n                        <input type=\"checkbox\" class=\"checkbox\" onchange=\"disableSubmit(!this.checked)\">\r\n                        <span> Acepto todos los <a target=\"_blank\" rel=\"noopener\" href=\"#\"> términos y condiciones</a></span>\r\n                    </label>\r\n                </li>\r\n            </ul>\r\n        </div>\r\n        <input type=\"submit\" name=\"accept\" class=\"login login-submit\" value=\"Enviar\" id=\"btnLogin\" disabled>\r\n        ___FBBTN___\r\n    </form>', '0', '2020-01-09 19:40:17');
INSERT INTO `gt_portalDetail` VALUES (23, 29, 'Ingrese sus datos para continuar', '1.jpg', '  \r\n    <form name=\"login_form\" method=\"post\">\r\n        <input type=\"text\" name=\"nombreCliente\" placeholder=\"Nombre completo\" id=\"nomreUser\">\r\n        <input type=\"text\" name=\"telefonoCliente\" placeholder=\"Telefono de contacto\" id=\"telUser\">\r\n        <input type=\"text\" name=\"emailCliente\" placeholder=\"Correo electronico\" id=\"emailUser\">\r\n        <div class=\"login-help\">\r\n            <ul class=\"list\">\r\n                <li class=\"list__item\">\r\n                    <label class=\"label--checkbox\">\r\n                        <input type=\"checkbox\" class=\"checkbox\" onchange=\"disableSubmit(!this.checked)\">\r\n                        <span> Acepto todos los <a target=\"_blank\" rel=\"noopener\" href=\"#\"> términos y condiciones</a></span>\r\n                    </label>\r\n                </li>\r\n            </ul>\r\n        </div>\r\n        <input type=\"submit\" name=\"accept\" class=\"login login-submit\" value=\"Enviar\" id=\"btnLogin\" disabled>\r\n        ___FBBTN___\r\n    </form>', '1', '2020-01-09 19:40:25');
INSERT INTO `gt_portalDetail` VALUES (24, 29, 'Ingrese sus datos para continuar', '2.jpg', '  \r\n    <form name=\"login_form\" method=\"post\">\r\n        <input type=\"text\" name=\"nombreCliente\" placeholder=\"Nombre completo\" id=\"nomreUser\">\r\n        <input type=\"text\" name=\"telefonoCliente\" placeholder=\"Telefono de contacto\" id=\"telUser\">\r\n        <input type=\"text\" name=\"emailCliente\" placeholder=\"Correo electronico\" id=\"emailUser\">\r\n        <div class=\"login-help\">\r\n            <ul class=\"list\">\r\n                <li class=\"list__item\">\r\n                    <label class=\"label--checkbox\">\r\n                        <input type=\"checkbox\" class=\"checkbox\" onchange=\"disableSubmit(!this.checked)\">\r\n                        <span> Acepto todos los <a target=\"_blank\" rel=\"noopener\" href=\"#\"> términos y condiciones</a></span>\r\n                    </label>\r\n                </li>\r\n            </ul>\r\n        </div>\r\n        <input type=\"submit\" name=\"accept\" class=\"login login-submit\" value=\"Enviar\" id=\"btnLogin\" disabled>\r\n        ___FBBTN___\r\n    </form>', '1', '2020-01-09 19:55:49');
INSERT INTO `gt_portalDetail` VALUES (25, 30, 'Ingrese sus datos para continuar', '3.jpg', '  \r\n    <form name=\"login_form\" method=\"post\">\r\n        <input type=\"text\" name=\"nombreCliente\" placeholder=\"Nombre completo\" id=\"nomreUser\">\r\n        <input type=\"text\" name=\"telefonoCliente\" placeholder=\"Telefono de contacto\" id=\"telUser\">\r\n        <input type=\"text\" name=\"emailCliente\" placeholder=\"Correo electronico\" id=\"emailUser\">\r\n        <div class=\"login-help\">\r\n            <ul class=\"list\">\r\n                <li class=\"list__item\">\r\n                    <label class=\"label--checkbox\">\r\n                        <input type=\"checkbox\" class=\"checkbox\" onchange=\"disableSubmit(!this.checked)\">\r\n                        <span> Acepto todos los <a target=\"_blank\" rel=\"noopener\" href=\"#\"> términos y condiciones</a></span>\r\n                    </label>\r\n                </li>\r\n            </ul>\r\n        </div>\r\n        <input type=\"submit\" name=\"accept\" class=\"login login-submit\" value=\"Enviar\" id=\"btnLogin\" disabled>\r\n        ___FBBTN___\r\n    </form>', '1', '2020-01-09 19:57:09');
INSERT INTO `gt_portalDetail` VALUES (26, 0, 'Ingrese sus datos para continuar navegando', '', '', '', '2020-01-09 20:43:22');
INSERT INTO `gt_portalDetail` VALUES (27, 0, 'Ingrese sus datos para continuar navegando', '', '', '', '2020-01-09 20:44:44');
INSERT INTO `gt_portalDetail` VALUES (28, 0, 'Ingrese sus datos para continuar navegando', '', '', '', '2020-01-09 20:51:16');
INSERT INTO `gt_portalDetail` VALUES (29, 30, 'Ingrese sus datos para continuar navegando', '3.jpg', '  \r\n    <form name=\"login_form\" method=\"post\">\r\n        <input type=\"text\" name=\"nombreCliente\" placeholder=\"Nombre completo\" id=\"nomreUser\">\r\n        <input type=\"text\" name=\"telefonoCliente\" placeholder=\"Telefono de contacto\" id=\"telUser\">\r\n        <input type=\"text\" name=\"emailCliente\" placeholder=\"Correo electronico\" id=\"emailUser\">\r\n        <div class=\"login-help\">\r\n            <ul class=\"list\">\r\n                <li class=\"list__item\">\r\n                    <label class=\"label--checkbox\">\r\n                        <input type=\"checkbox\" class=\"checkbox\" onchange=\"disableSubmit(!this.checked)\">\r\n                        <span> Acepto todos los <a target=\"_blank\" rel=\"noopener\" href=\"#\"> términos y condiciones</a></span>\r\n                    </label>\r\n                </li>\r\n            </ul>\r\n        </div>\r\n        <input type=\"submit\" name=\"accept\" class=\"login login-submit\" value=\"Enviar\" id=\"btnLogin\" disabled>\r\n        ___FBBTN___\r\n    </form>', '1', '2020-01-09 20:54:59');
INSERT INTO `gt_portalDetail` VALUES (30, 30, 'Ingrese sus datos para continuar navegando', '3.jpg', '  \r\n    <form name=\"login_form\" method=\"post\">\r\n        <input type=\"text\" name=\"nombreCliente\" placeholder=\"Nombre completo\" id=\"nomreUser\">\r\n        <input type=\"text\" name=\"telefonoCliente\" placeholder=\"Telefono de contacto\" id=\"telUser\">\r\n        <input type=\"text\" name=\"emailCliente\" placeholder=\"Correo electronico\" id=\"emailUser\">\r\n        <div class=\"login-help\">\r\n            <ul class=\"list\">\r\n                <li class=\"list__item\">\r\n                    <label class=\"label--checkbox\">\r\n                        <input type=\"checkbox\" class=\"checkbox\" onchange=\"disableSubmit(!this.checked)\">\r\n                        <span> Acepto todos los <a target=\"_blank\" rel=\"noopener\" href=\"#\"> términos y condiciones</a></span>\r\n                    </label>\r\n                </li>\r\n            </ul>\r\n        </div>\r\n        <input type=\"submit\" name=\"accept\" class=\"login login-submit\" value=\"Enviar\" id=\"btnLogin\" disabled>\r\n        ___FBBTN___\r\n    </form>', '1', '2020-01-09 20:56:45');
INSERT INTO `gt_portalDetail` VALUES (31, 29, 'Ingrese sus datos para continuar', '2.jpg', '  \r\n    <form name=\"login_form\" method=\"post\">\r\n        <input type=\"text\" name=\"nombreCliente\" placeholder=\"Nombre completo\" id=\"nomreUser\">\r\n        <input type=\"text\" name=\"telefonoCliente\" placeholder=\"Telefono de contacto\" id=\"telUser\">\r\n        <input type=\"text\" name=\"emailCliente\" placeholder=\"Correo electronico\" id=\"emailUser\">\r\n        <div class=\"login-help\">\r\n            <ul class=\"list\">\r\n                <li class=\"list__item\">\r\n                    <label class=\"label--checkbox\">\r\n                        <input type=\"checkbox\" class=\"checkbox\" onchange=\"disableSubmit(!this.checked)\">\r\n                        <span> Acepto todos los <a target=\"_blank\" rel=\"noopener\" href=\"#\"> términos y condiciones</a></span>\r\n                    </label>\r\n                </li>\r\n            </ul>\r\n        </div>\r\n        <input type=\"submit\" name=\"accept\" class=\"login login-submit\" value=\"Enviar\" id=\"btnLogin\" disabled>\r\n        ___FBBTN___\r\n    </form>', '1', '2020-01-09 21:00:44');
INSERT INTO `gt_portalDetail` VALUES (32, 29, 'Ingrese sus datos para continuar', '2.jpg', '  \r\n    <form name=\"login_form\" method=\"post\">\r\n        <input type=\"text\" name=\"nombreCliente\" placeholder=\"Nombre completo\" id=\"nomreUser\">\r\n        <input type=\"text\" name=\"telefonoCliente\" placeholder=\"Telefono de contacto\" id=\"telUser\">\r\n        <input type=\"text\" name=\"emailCliente\" placeholder=\"Correo electronico\" id=\"emailUser\">\r\n        <div class=\"login-help\">\r\n            <ul class=\"list\">\r\n                <li class=\"list__item\">\r\n                    <label class=\"label--checkbox\">\r\n                        <input type=\"checkbox\" class=\"checkbox\" onchange=\"disableSubmit(!this.checked)\">\r\n                        <span> Acepto todos los <a target=\"_blank\" rel=\"noopener\" href=\"#\"> términos y condiciones</a></span>\r\n                    </label>\r\n                </li>\r\n            </ul>\r\n        </div>\r\n        <input type=\"submit\" name=\"accept\" class=\"login login-submit\" value=\"Enviar\" id=\"btnLogin\" disabled>\r\n        ___FBBTN___\r\n    </form>', '1', '2020-01-09 21:00:50');
INSERT INTO `gt_portalDetail` VALUES (33, 30, 'Ingrese sus datos para continuar navegando', '3.jpg', '  \r\n    <form name=\"login_form\" method=\"post\">\r\n        <input type=\"text\" name=\"nombreCliente\" placeholder=\"Nombre completo\" id=\"nomreUser\">\r\n        <input type=\"text\" name=\"telefonoCliente\" placeholder=\"Telefono de contacto\" id=\"telUser\">\r\n        <input type=\"text\" name=\"emailCliente\" placeholder=\"Correo electronico\" id=\"emailUser\">\r\n        <div class=\"login-help\">\r\n            <ul class=\"list\">\r\n                <li class=\"list__item\">\r\n                    <label class=\"label--checkbox\">\r\n                        <input type=\"checkbox\" class=\"checkbox\" onchange=\"disableSubmit(!this.checked)\">\r\n                        <span> Acepto todoss los <a target=\"_blank\" rel=\"noopener\" href=\"#\"> términos y condiciones</a></span>\r\n                    </label>\r\n                </li>\r\n            </ul>\r\n        </div>\r\n        <input type=\"submit\" name=\"accept\" class=\"login login-submit\" value=\"Enviar\" id=\"btnLogin\" disabled>\r\n        ___FBBTN___\r\n    </form>', '1', '2020-01-09 21:21:37');
INSERT INTO `gt_portalDetail` VALUES (34, 30, 'Ingrese sus datos para continuar navegando', '3.jpg', '  \r\n    <form name=\"login_form\" method=\"post\">\r\n        <input type=\"text\" name=\"nombreCliente\" placeholder=\"Nombre completo\" id=\"nomreUser\">\r\n        <input type=\"text\" name=\"telefonoCliente\" placeholder=\"Telefono de contacto\" id=\"telUser\">\r\n        <input type=\"text\" name=\"emailCliente\" placeholder=\"Correo electronico\" id=\"emailUser\">\r\n        <input type=\"text\" name=\"otroCliente\" placeholder=\"Quien le recomendo\" id=\"recomUser\">\r\n        <div class=\"login-help\">\r\n            <ul class=\"list\">\r\n                <li class=\"list__item\">\r\n                    <label class=\"label--checkbox\">\r\n                        <input type=\"checkbox\" class=\"checkbox\" onchange=\"disableSubmit(!this.checked)\">\r\n                        <span> Acepto todoss los <a target=\"_blank\" rel=\"noopener\" href=\"#\"> términos y condiciones</a></span>\r\n                    </label>\r\n                </li>\r\n            </ul>\r\n        </div>\r\n        <input type=\"submit\" name=\"accept\" class=\"login login-submit\" value=\"Enviar\" id=\"btnLogin\" disabled>\r\n        ___FBBTN___\r\n    </form>', '1', '2020-01-09 21:22:16');
INSERT INTO `gt_portalDetail` VALUES (35, 30, 'Ingrese sus datos para continuar navegando', '3.jpg', '  \r\n    <form name=\"login_form\" method=\"post\">\r\n        <input type=\"text\" name=\"nombreCliente\" placeholder=\"Nombre completo\" id=\"nomreUser\">\r\n        <input type=\"text\" name=\"telefonoCliente\" placeholder=\"Telefono de contacto\" id=\"telUser\">\r\n        <input type=\"text\" name=\"emailCliente\" placeholder=\"Correo electronico\" id=\"emailUser\">\r\n        <div class=\"login-help\">\r\n            <ul class=\"list\">\r\n                <li class=\"list__item\">\r\n                    <label class=\"label--checkbox\">\r\n                        <input type=\"checkbox\" class=\"checkbox\" onchange=\"disableSubmit(!this.checked)\">\r\n                        <span> Acepto todoss los <a target=\"_blank\" rel=\"noopener\" href=\"#\"> términos y condiciones</a></span>\r\n                    </label>\r\n                </li>\r\n            </ul>\r\n        </div>\r\n        <input type=\"submit\" name=\"accept\" class=\"login login-submit\" value=\"Enviar\" id=\"btnLogin\" disabled>\r\n        ___FBBTN___\r\n    </form>', '1', '2020-01-09 21:24:11');
INSERT INTO `gt_portalDetail` VALUES (36, 30, 'Ingrese sus datos para continuar navegando', '3.jpg', '  \r\n    <form name=\"login_form\" method=\"post\">\r\n        <input type=\"text\" name=\"nombreCliente\" placeholder=\"Nombre completo\" id=\"nomreUser\">\r\n        <input type=\"text\" name=\"telefonoCliente\" placeholder=\"Telefono de contacto\" id=\"telUser\">\r\n        <input type=\"text\" name=\"emailCliente\" placeholder=\"Correo electronico\" id=\"emailUser\">\r\n        <div class=\"login-help\">\r\n            <ul class=\"list\">\r\n                <li class=\"list__item\">\r\n                    <label class=\"label--checkbox\">\r\n                        <input type=\"checkbox\" class=\"checkbox\" onchange=\"disableSubmit(!this.checked)\">\r\n                        <span> Acepto todos los <a target=\"_blank\" rel=\"noopener\" href=\"#\"> términos y condiciones</a></span>\r\n                    </label>\r\n                </li>\r\n            </ul>\r\n        </div>\r\n        <input type=\"submit\" name=\"accept\" class=\"login login-submit\" value=\"Enviar\" id=\"btnLogin\" disabled>\r\n        ___FBBTN___\r\n    </form>', '1', '2020-01-09 21:24:25');
INSERT INTO `gt_portalDetail` VALUES (37, 30, 'Ingrese sus datos para continuar navegando', '4.jpg', '  \r\n    <form name=\"login_form\" method=\"post\">\r\n        <input type=\"text\" name=\"nombreCliente\" placeholder=\"Nombre completo\" id=\"nomreUser\">\r\n        <input type=\"text\" name=\"telefonoCliente\" placeholder=\"Telefono de contacto\" id=\"telUser\">\r\n        <input type=\"text\" name=\"emailCliente\" placeholder=\"Correo electronico\" id=\"emailUser\">\r\n        <div class=\"login-help\">\r\n            <ul class=\"list\">\r\n                <li class=\"list__item\">\r\n                    <label class=\"label--checkbox\">\r\n                        <input type=\"checkbox\" class=\"checkbox\" onchange=\"disableSubmit(!this.checked)\">\r\n                        <span> Acepto todos los <a target=\"_blank\" rel=\"noopener\" href=\"#\"> términos y condiciones</a></span>\r\n                    </label>\r\n                </li>\r\n            </ul>\r\n        </div>\r\n        <input type=\"submit\" name=\"accept\" class=\"login login-submit\" value=\"Enviar\" id=\"btnLogin\" disabled>\r\n        ___FBBTN___\r\n    </form>', '1', '2020-01-09 21:27:27');
INSERT INTO `gt_portalDetail` VALUES (38, 30, 'Ingrese sus datos para continuar navegando', '4.jpg', '  \r\n    <form name=\"login_form\" method=\"post\">\r\n        <input type=\"text\" name=\"nombreCliente\" placeholder=\"Nombre completo\" id=\"nomreUser\">\r\n        <input type=\"text\" name=\"telefonoCliente\" placeholder=\"Telefono de contacto\" id=\"telUser\">\r\n        <input type=\"text\" name=\"emailCliente\" placeholder=\"Correo electronico\" id=\"emailUser\">\r\n        <div class=\"login-help\">\r\n            <ul class=\"list\">\r\n                <li class=\"list__item\">\r\n                    <label class=\"label--checkbox\">\r\n                        <input type=\"checkbox\" class=\"checkbox\" onchange=\"disableSubmit(!this.checked)\">\r\n                        <span> Acepto todos los <a target=\"_blank\" rel=\"noopener\" href=\"#\"> términos y condiciones</a></span>\r\n                    </label>\r\n                </li>\r\n            </ul>\r\n        </div>\r\n        <input type=\"submit\" name=\"accept\" class=\"login login-submit\" value=\"Enviar\" id=\"btnLogin\" disabled>\r\n        ___FBBTN___\r\n    </form>', '1', '2020-01-09 21:27:46');
INSERT INTO `gt_portalDetail` VALUES (39, 30, 'Ingrese sus datos para continuar navegando', '5.jpg', '  \r\n    <form name=\"login_form\" method=\"post\">\r\n        <input type=\"text\" name=\"nombreCliente\" placeholder=\"Nombre completo\" id=\"nomreUser\">\r\n        <input type=\"text\" name=\"telefonoCliente\" placeholder=\"Telefono de contacto\" id=\"telUser\">\r\n        <input type=\"text\" name=\"emailCliente\" placeholder=\"Correo electronico\" id=\"emailUser\">\r\n        <div class=\"login-help\">\r\n            <ul class=\"list\">\r\n                <li class=\"list__item\">\r\n                    <label class=\"label--checkbox\">\r\n                        <input type=\"checkbox\" class=\"checkbox\" onchange=\"disableSubmit(!this.checked)\">\r\n                        <span> Acepto todos los <a target=\"_blank\" rel=\"noopener\" href=\"#\"> términos y condiciones</a></span>\r\n                    </label>\r\n                </li>\r\n            </ul>\r\n        </div>\r\n        <input type=\"submit\" name=\"accept\" class=\"login login-submit\" value=\"Enviar\" id=\"btnLogin\" disabled>\r\n        ___FBBTN___\r\n    </form>', '1', '2020-01-09 21:28:01');
INSERT INTO `gt_portalDetail` VALUES (40, 30, 'Ingrese sus datos para continuar', '5.jpg', '  \r\n    <form name=\"login_form\" method=\"post\">\r\n        <input type=\"text\" name=\"nombreCliente\" placeholder=\"Nombre completo\" id=\"nomreUser\">\r\n        <input type=\"text\" name=\"telefonoCliente\" placeholder=\"Telefono de contacto\" id=\"telUser\">\r\n        <input type=\"text\" name=\"emailCliente\" placeholder=\"Correo electronico\" id=\"emailUser\">\r\n        <div class=\"login-help\">\r\n            <ul class=\"list\">\r\n                <li class=\"list__item\">\r\n                    <label class=\"label--checkbox\">\r\n                        <input type=\"checkbox\" class=\"checkbox\" onchange=\"disableSubmit(!this.checked)\">\r\n                        <span> Acepto todos los <a target=\"_blank\" rel=\"noopener\" href=\"#\"> términos y condiciones</a></span>\r\n                    </label>\r\n                </li>\r\n            </ul>\r\n        </div>\r\n        <input type=\"submit\" name=\"accept\" class=\"login login-submit\" value=\"Enviar\" id=\"btnLogin\" disabled>\r\n        ___FBBTN___\r\n    </form>', '1', '2020-01-09 21:28:15');
INSERT INTO `gt_portalDetail` VALUES (41, 29, 'Ingrese sus datos para continuar', '2.jpg', '  \r\n    <form name=\"login_form\" method=\"post\">\r\n        <input type=\"text\" name=\"nombreCliente\" placeholder=\"Nombre completo\" id=\"nomreUser\">\r\n        <input type=\"text\" name=\"telefonoCliente\" placeholder=\"Telefono de contacto\" id=\"telUser\">\r\n        <input type=\"text\" name=\"emailCliente\" placeholder=\"Correo electronico\" id=\"emailUser\">\r\n        <div class=\"login-help\">\r\n            <ul class=\"list\">\r\n                <li class=\"list__item\">\r\n                    <label class=\"label--checkbox\">\r\n                        <input type=\"checkbox\" class=\"checkbox\" onchange=\"disableSubmit(!this.checked)\">\r\n                        <span> Acepto todos los <a target=\"_blank\" rel=\"noopener\" href=\"#\"> términos y condiciones</a></span>\r\n                    </label>\r\n                </li>\r\n            </ul>\r\n        </div>\r\n        <input type=\"submit\" name=\"accept\" class=\"login login-submit\" value=\"Enviar\" id=\"btnLogin\" disabled>\r\n        ___FBBTN___\r\n    </form>', '1', '2020-01-09 21:29:24');
INSERT INTO `gt_portalDetail` VALUES (42, 29, 'Bienvenido a nuestro portal, queremos conocer un poco mas de usted', '2.jpg', '  \r\n    <form name=\"login_form\" method=\"post\">\r\n        <input type=\"text\" name=\"nombreCliente\" placeholder=\"Nombre completo\" id=\"nomreUser\">\r\n        <input type=\"text\" name=\"telefonoCliente\" placeholder=\"Telefono de contacto\" id=\"telUser\">\r\n        <input type=\"text\" name=\"emailCliente\" placeholder=\"Correo electronico\" id=\"emailUser\">\r\n        <div class=\"login-help\">\r\n            <ul class=\"list\">\r\n                <li class=\"list__item\">\r\n                    <label class=\"label--checkbox\">\r\n                        <input type=\"checkbox\" class=\"checkbox\" onchange=\"disableSubmit(!this.checked)\">\r\n                        <span> Acepto todos los <a target=\"_blank\" rel=\"noopener\" href=\"#\"> términos y condiciones</a></span>\r\n                    </label>\r\n                </li>\r\n            </ul>\r\n        </div>\r\n        <input type=\"submit\" name=\"accept\" class=\"login login-submit\" value=\"Enviar\" id=\"btnLogin\" disabled>\r\n        ___FBBTN___\r\n    </form>', '1', '2020-01-09 21:29:47');
INSERT INTO `gt_portalDetail` VALUES (43, 30, 'Ingrese sus datos para continuar', '6.jpg', '  \r\n    <form name=\"login_form\" method=\"post\">\r\n        <input type=\"text\" name=\"nombreCliente\" placeholder=\"Nombre completo\" id=\"nomreUser\">\r\n        <input type=\"text\" name=\"telefonoCliente\" placeholder=\"Telefono de contacto\" id=\"telUser\">\r\n        <input type=\"text\" name=\"emailCliente\" placeholder=\"Correo electronico\" id=\"emailUser\">\r\n        <div class=\"login-help\">\r\n            <ul class=\"list\">\r\n                <li class=\"list__item\">\r\n                    <label class=\"label--checkbox\">\r\n                        <input type=\"checkbox\" class=\"checkbox\" onchange=\"disableSubmit(!this.checked)\">\r\n                        <span> Acepto todos los <a target=\"_blank\" rel=\"noopener\" href=\"#\"> términos y condiciones</a></span>\r\n                    </label>\r\n                </li>\r\n            </ul>\r\n        </div>\r\n        <input type=\"submit\" name=\"accept\" class=\"login login-submit\" value=\"Enviar\" id=\"btnLogin\" disabled>\r\n        ___FBBTN___\r\n    </form>', '1', '2020-01-09 22:01:49');
INSERT INTO `gt_portalDetail` VALUES (44, 29, 'Bienvenido a nuestro portal, queremos conocer un poco mas de usted', '2.jpg', '  \r\n    <form name=\"login_form\" method=\"post\">\r\n        <input type=\"text\" name=\"nombreCliente\" placeholder=\"Nombre completo\" id=\"nomreUser\">\r\n        <input type=\"text\" name=\"telefonoCliente\" placeholder=\"Telefono de contacto\" id=\"telUser\">\r\n        <input type=\"text\" name=\"emailCliente\" placeholder=\"Correo electronico\" id=\"emailUser\">\r\n        <div class=\"login-help\">\r\n            <ul class=\"list\">\r\n                <li class=\"list__item\">\r\n                    <label class=\"label--checkbox\">\r\n                        <input type=\"checkbox\" class=\"checkbox\" onchange=\"disableSubmit(!this.checked)\">\r\n                        <span> Acepto todos los <a target=\"_blank\" rel=\"noopener\" href=\"#\"> términos y condiciones</a></span>\r\n                    </label>\r\n                </li>\r\n            </ul>\r\n        </div>\r\n        <input type=\"submit\" name=\"accept\" class=\"login login-submit\" value=\"Enviar\" id=\"btnLogin\" disabled>\r\n        ___FBBTN___\r\n    </form>', '0', '2020-01-09 22:49:59');
INSERT INTO `gt_portalDetail` VALUES (45, 29, 'Bienvenido a nuestro portal, queremos conocer un poco mas de usted', '2.jpg', '  \r\n    <form name=\"login_form\" method=\"post\">\r\n        <input type=\"text\" name=\"nombreCliente\" placeholder=\"Nombre completo\" id=\"nomreUser\">\r\n        <input type=\"text\" name=\"telefonoCliente\" placeholder=\"Telefono de contacto\" id=\"telUser\">\r\n        <input type=\"text\" name=\"emailCliente\" placeholder=\"Correo electronico\" id=\"emailUser\">\r\n        <div class=\"login-help\">\r\n            <ul class=\"list\">\r\n                <li class=\"list__item\">\r\n                    <label class=\"label--checkbox\">\r\n                        <input type=\"checkbox\" class=\"checkbox\" onchange=\"disableSubmit(!this.checked)\">\r\n                        <span> Acepto todos los <a target=\"_blank\" rel=\"noopener\" href=\"#\"> términos y condiciones</a></span>\r\n                    </label>\r\n                </li>\r\n            </ul>\r\n        </div>\r\n        <input type=\"submit\" name=\"accept\" class=\"login login-submit\" value=\"Enviar\" id=\"btnLogin\" disabled>\r\n        ___FBBTN___\r\n    </form>', '1', '2020-01-09 22:50:07');
INSERT INTO `gt_portalDetail` VALUES (46, 29, 'Bienvenido', '2.jpg', '  \r\n    <form name=\"login_form\" method=\"post\">\r\n        <input type=\"text\" name=\"nombreCliente\" placeholder=\"Nombre completo\" id=\"nomreUser\">\r\n        <input type=\"text\" name=\"telefonoCliente\" placeholder=\"Telefono de contacto\" id=\"telUser\">\r\n        <input type=\"text\" name=\"emailCliente\" placeholder=\"Correo electronico\" id=\"emailUser\">\r\n        <div class=\"login-help\">\r\n            <ul class=\"list\">\r\n                <li class=\"list__item\">\r\n                    <label class=\"label--checkbox\">\r\n                        <input type=\"checkbox\" class=\"checkbox\" onchange=\"disableSubmit(!this.checked)\">\r\n                        <span> Acepto todos los <a target=\"_blank\" rel=\"noopener\" href=\"#\"> términos y condiciones</a></span>\r\n                    </label>\r\n                </li>\r\n            </ul>\r\n        </div>\r\n        <input type=\"submit\" name=\"accept\" class=\"login login-submit\" value=\"Enviar\" id=\"btnLogin\" disabled>\r\n        ___FBBTN___\r\n    </form>', '1', '2020-01-09 22:53:49');
INSERT INTO `gt_portalDetail` VALUES (47, 29, 'Bienvenido', '2.jpg', '  \r\n    <form name=\"login_form\" method=\"post\">\r\n        <input type=\"text\" name=\"nombreCliente\" placeholder=\"Nombre completo\" id=\"nomreUser\">\r\n        <input type=\"text\" name=\"telefonoCliente\" placeholder=\"Telefono de contacto\" id=\"telUser\">\r\n        <input type=\"text\" name=\"emailCliente\" placeholder=\"Correo electronico\" id=\"emailUser\">\r\n        <div class=\"login-help\">\r\n            <ul class=\"list\">\r\n                <li class=\"list__item\">\r\n                    <label class=\"label--checkbox\">\r\n                        <input type=\"checkbox\" class=\"checkbox\" onchange=\"disableSubmit(!this.checked)\">\r\n                        <span> Acepto todos los <a target=\"_blank\" rel=\"noopener\" href=\"#\"> términos y condiciones</a></span>\r\n                    </label>\r\n                </li>\r\n            </ul>\r\n        </div>\r\n        <input type=\"submit\" name=\"accept\" class=\"login login-submit\" value=\"Enviar\" id=\"btnLogin\" disabled>\r\n        ___FBBTN___\r\n    </form>', '0', '2020-01-09 22:54:20');
INSERT INTO `gt_portalDetail` VALUES (48, 31, 'Ingrese sus datos para continuar', '1.jpg', '  \r\n    <form name=\"leads_form\" method=\"post\">\r\n        <input type=\"text\" name=\"nombreCliente\" placeholder=\"Nombre completo\" id=\"nomreUser\">\r\n        <input type=\"text\" name=\"telefonoCliente\" placeholder=\"Telefono de contacto\" id=\"telUser\">\r\n        <input type=\"text\" name=\"emailCliente\" placeholder=\"Correo electronico\" id=\"emailUser\">\r\n        <div class=\"login-help\">\r\n            <ul class=\"list\">\r\n                <li class=\"list__item\">\r\n                    <label class=\"label--checkbox\">\r\n                        <input type=\"checkbox\" class=\"checkbox\" onchange=\"disableSubmit(!this.checked)\">\r\n                        <span> Acepto todos los <a target=\"_blank\" rel=\"noopener\" href=\"#\"> términos y condiciones</a></span>\r\n                    </label>\r\n                </li>\r\n            </ul>\r\n        </div>\r\n        <input type=\"submit\" name=\"accept\" class=\"login login-submit\" value=\"Enviar\" id=\"btnLogin\" disabled>\r\n        ___FBBTN___\r\n    </form>', '0', '2020-01-09 23:04:31');
INSERT INTO `gt_portalDetail` VALUES (49, 31, 'Ingrese sus datos para continuar', '7.jpg', '  \r\n    <form name=\"leads_form\" method=\"post\">\r\n        <input type=\"text\" name=\"nombreCliente\" placeholder=\"Nombre completo\" id=\"nomreUser\">\r\n        <input type=\"text\" name=\"telefonoCliente\" placeholder=\"Telefono de contacto\" id=\"telUser\">\r\n        <input type=\"text\" name=\"emailCliente\" placeholder=\"Correo electronico\" id=\"emailUser\">\r\n        <div class=\"login-help\">\r\n            <ul class=\"list\">\r\n                <li class=\"list__item\">\r\n                    <label class=\"label--checkbox\">\r\n                        <input type=\"checkbox\" class=\"checkbox\" onchange=\"disableSubmit(!this.checked)\">\r\n                        <span> Acepto todos los <a target=\"_blank\" rel=\"noopener\" href=\"#\"> términos y condiciones</a></span>\r\n                    </label>\r\n                </li>\r\n            </ul>\r\n        </div>\r\n        <input type=\"submit\" name=\"accept\" class=\"login login-submit\" value=\"Enviar\" id=\"btnLogin\" disabled>\r\n        ___FBBTN___\r\n    </form>', '0', '2020-01-09 23:05:53');
INSERT INTO `gt_portalDetail` VALUES (50, 31, 'Bienvenido', '7.jpg', '  \r\n    <form name=\"leads_form\" method=\"post\">\r\n        <input type=\"text\" name=\"nombreCliente\" placeholder=\"Nombre completo\" id=\"nomreUser\">\r\n        <input type=\"text\" name=\"telefonoCliente\" placeholder=\"Telefono de contacto\" id=\"telUser\">\r\n        <input type=\"text\" name=\"emailCliente\" placeholder=\"Correo electronico\" id=\"emailUser\">\r\n        <div class=\"login-help\">\r\n            <ul class=\"list\">\r\n                <li class=\"list__item\">\r\n                    <label class=\"label--checkbox\">\r\n                        <input type=\"checkbox\" class=\"checkbox\" onchange=\"disableSubmit(!this.checked)\">\r\n                        <span> Acepto todos los <a target=\"_blank\" rel=\"noopener\" href=\"#\"> términos y condiciones</a></span>\r\n                    </label>\r\n                </li>\r\n            </ul>\r\n        </div>\r\n        <input type=\"submit\" name=\"accept\" class=\"login login-submit\" value=\"Enviar\" id=\"btnLogin\" disabled>\r\n        ___FBBTN___\r\n    </form>', '0', '2020-01-09 23:06:42');
INSERT INTO `gt_portalDetail` VALUES (51, 29, 'Bienvenido', '2.jpg', '  \r\n    <form name=\"login_form\" method=\"post\">\r\n        <input type=\"text\" name=\"nombreCliente\" placeholder=\"Nombre completo\" id=\"nomreUser\">\r\n        <input type=\"text\" name=\"telefonoCliente\" placeholder=\"Telefono de contacto\" id=\"telUser\">\r\n        <input type=\"text\" name=\"emailCliente\" placeholder=\"Correo electronico\" id=\"emailUser\">\r\n        <div class=\"login-help\">\r\n            <ul class=\"list\">\r\n                <li class=\"list__item\">\r\n                    <label class=\"label--checkbox\">\r\n                        <input type=\"checkbox\" class=\"checkbox\" onchange=\"disableSubmit(!this.checked)\">\r\n                        <span> Acepto todos los <a target=\"_blank\" rel=\"noopener\" href=\"#\"> términos y condiciones</a></span>\r\n                    </label>\r\n                </li>\r\n            </ul>\r\n        </div>\r\n        <input type=\"submit\" name=\"accept\" class=\"login login-submit\" value=\"Enviar\" id=\"btnLogin\" disabled>\r\n        ___FBBTN___\r\n    </form>', '0', '2020-01-09 23:19:35');
INSERT INTO `gt_portalDetail` VALUES (52, 29, 'Bienvenido', '2.jpg', '  \r\n    <form name=\"login_form\" method=\"post\">\r\n        <input type=\"text\" name=\"nombreCliente\" placeholder=\"Nombre completo\" id=\"nomreUser\">\r\n        <input type=\"text\" name=\"telefonoCliente\" placeholder=\"Telefono de contacto\" id=\"telUser\">\r\n        <input type=\"text\" name=\"emailCliente\" placeholder=\"Correo electronico\" id=\"emailUser\">\r\n        <div class=\"login-help\">\r\n            <ul class=\"list\">\r\n                <li class=\"list__item\">\r\n                    <label class=\"label--checkbox\">\r\n                        <input type=\"checkbox\" class=\"checkbox\" onchange=\"disableSubmit(!this.checked)\">\r\n                        <span> Acepto todos los <a target=\"_blank\" rel=\"noopener\" href=\"#\"> términos y condiciones</a></span>\r\n                    </label>\r\n                </li>\r\n            </ul>\r\n        </div>\r\n        <input type=\"submit\" name=\"accept\" class=\"login login-submit\" value=\"Enviar\" id=\"btnLogin\" disabled>\r\n        ___FBBTN___\r\n    </form>', '0', '2020-01-09 23:19:43');
INSERT INTO `gt_portalDetail` VALUES (53, 29, 'Bienvenido', '2.jpg', '  \r\n    <form name=\"login_form\" method=\"post\">\r\n        <input type=\"text\" name=\"nombreCliente\" placeholder=\"Nombre completo\" id=\"nomreUser\">\r\n        <input type=\"text\" name=\"telefonoCliente\" placeholder=\"Telefono de contacto\" id=\"telUser\">\r\n        <input type=\"text\" name=\"emailCliente\" placeholder=\"Correo electronico\" id=\"emailUser\">\r\n        <div class=\"login-help\">\r\n            <ul class=\"list\">\r\n                <li class=\"list__item\">\r\n                    <label class=\"label--checkbox\">\r\n                        <input type=\"checkbox\" class=\"checkbox\" onchange=\"disableSubmit(!this.checked)\">\r\n                        <span> Acepto todos los <a target=\"_blank\" rel=\"noopener\" href=\"#\"> términos y condiciones</a></span>\r\n                    </label>\r\n                </li>\r\n            </ul>\r\n        </div>\r\n        <input type=\"submit\" name=\"accept\" class=\"login login-submit\" value=\"Enviar\" id=\"btnLogin\" disabled>\r\n        ___FBBTN___\r\n    </form>', '1', '2020-01-09 23:20:08');
INSERT INTO `gt_portalDetail` VALUES (54, 29, 'Bienvenido', '2.jpg', '  \r\n    <form name=\"login_form\" method=\"post\">\r\n        <input type=\"text\" name=\"nombreCliente\" placeholder=\"Nombre completo\" id=\"nomreUser\">\r\n        <input type=\"text\" name=\"telefonoCliente\" placeholder=\"Telefono de contacto\" id=\"telUser\">\r\n        <input type=\"text\" name=\"emailCliente\" placeholder=\"Correo electronico\" id=\"emailUser\">\r\n        <div class=\"login-help\">\r\n            <ul class=\"list\">\r\n                <li class=\"list__item\">\r\n                    <label class=\"label--checkbox\">\r\n                        <input type=\"checkbox\" class=\"checkbox\" onchange=\"disableSubmit(!this.checked)\">\r\n                        <span> Acepto todos los <a target=\"_blank\" rel=\"noopener\" href=\"#\"> términos y condiciones</a></span>\r\n                    </label>\r\n                </li>\r\n            </ul>\r\n        </div>\r\n        <input type=\"submit\" name=\"accept\" class=\"login login-submit\" value=\"Enviar\" id=\"btnLogin\" disabled>\r\n        ___FBBTN___\r\n    </form>', '0', '2020-01-09 23:20:16');
INSERT INTO `gt_portalDetail` VALUES (55, 29, 'Bienvenido', '2.jpg', '  \r\n    <form name=\"login_form\" method=\"post\">\r\n        <input type=\"text\" name=\"nombreCliente\" placeholder=\"Nombre completo\" id=\"nomreUser\">\r\n        <input type=\"text\" name=\"telefonoCliente\" placeholder=\"Telefono de contacto\" id=\"telUser\">\r\n        <input type=\"text\" name=\"emailCliente\" placeholder=\"Correo electronico\" id=\"emailUser\">\r\n        <div class=\"login-help\">\r\n            <ul class=\"list\">\r\n                <li class=\"list__item\">\r\n                    <label class=\"label--checkbox\">\r\n                        <input type=\"checkbox\" class=\"checkbox\" onchange=\"disableSubmit(!this.checked)\">\r\n                        <span> Acepto todos los <a target=\"_blank\" rel=\"noopener\" href=\"#\"> términos y condiciones</a></span>\r\n                    </label>\r\n                </li>\r\n            </ul>\r\n        </div>\r\n        <input type=\"submit\" name=\"accept\" class=\"login login-submit\" value=\"Enviar\" id=\"btnLogin\" disabled>\r\n        ___FBBTN___\r\n    </form>', '0', '2020-01-09 23:22:17');
INSERT INTO `gt_portalDetail` VALUES (56, 29, 'Bienvenido', '2.jpg', '  \r\n    <form name=\"login_form\" method=\"post\">\r\n        <input type=\"text\" name=\"nombreCliente\" placeholder=\"Nombre completo\" id=\"nomreUser\">\r\n        <input type=\"text\" name=\"telefonoCliente\" placeholder=\"Telefono de contacto\" id=\"telUser\">\r\n        <input type=\"text\" name=\"emailCliente\" placeholder=\"Correo electronico\" id=\"emailUser\">\r\n        <div class=\"login-help\">\r\n            <ul class=\"list\">\r\n                <li class=\"list__item\">\r\n                    <label class=\"label--checkbox\">\r\n                        <input type=\"checkbox\" class=\"checkbox\" onchange=\"disableSubmit(!this.checked)\">\r\n                        <span> Acepto todos los <a target=\"_blank\" rel=\"noopener\" href=\"#\"> términos y condiciones</a></span>\r\n                    </label>\r\n                </li>\r\n            </ul>\r\n        </div>\r\n        <input type=\"submit\" name=\"accept\" class=\"login login-submit\" value=\"Enviar\" id=\"btnLogin\" disabled>\r\n        ___FBBTN___\r\n    </form>', '1', '2020-01-10 03:32:45');
INSERT INTO `gt_portalDetail` VALUES (57, 29, 'Bienvenido', '2.jpg', '  \r\n    <form name=\"login_form\" method=\"post\">\r\n        <input type=\"text\" name=\"nombreCliente\" placeholder=\"Nombre completo\" id=\"nomreUser\">\r\n        <input type=\"text\" name=\"telefonoCliente\" placeholder=\"Telefono de contacto\" id=\"telUser\">\r\n        <input type=\"text\" name=\"emailCliente\" placeholder=\"Correo electronico\" id=\"emailUser\">\r\n        <div class=\"login-help\">\r\n            <ul class=\"list\">\r\n                <li class=\"list__item\">\r\n                    <label class=\"label--checkbox\">\r\n                        <input type=\"checkbox\" class=\"checkbox\" onchange=\"disableSubmit(!this.checked)\">\r\n                        <span> Acepto todos los <a target=\"_blank\" rel=\"noopener\" href=\"#\"> términos y condiciones</a></span>\r\n                    </label>\r\n                </li>\r\n            </ul>\r\n        </div>\r\n        <input type=\"submit\" name=\"accept\" class=\"login login-submit\" value=\"Enviar\" id=\"btnLogin\" disabled>\r\n        ___FBBTN___\r\n    </form>', '0', '2020-01-10 03:32:47');
INSERT INTO `gt_portalDetail` VALUES (58, 31, 'Bienvenido', '8.jpg', '  \r\n    <form name=\"leads_form\" method=\"post\">\r\n        <input type=\"text\" name=\"nombreCliente\" placeholder=\"Nombre completo\" id=\"nomreUser\">\r\n        <input type=\"text\" name=\"telefonoCliente\" placeholder=\"Telefono de contacto\" id=\"telUser\">\r\n        <input type=\"text\" name=\"emailCliente\" placeholder=\"Correo electronico\" id=\"emailUser\">\r\n        <div class=\"login-help\">\r\n            <ul class=\"list\">\r\n                <li class=\"list__item\">\r\n                    <label class=\"label--checkbox\">\r\n                        <input type=\"checkbox\" class=\"checkbox\" onchange=\"disableSubmit(!this.checked)\">\r\n                        <span> Acepto todos los <a target=\"_blank\" rel=\"noopener\" href=\"#\"> términos y condiciones</a></span>\r\n                    </label>\r\n                </li>\r\n            </ul>\r\n        </div>\r\n        <input type=\"submit\" name=\"accept\" class=\"login login-submit\" value=\"Enviar\" id=\"btnLogin\" disabled>\r\n        ___FBBTN___\r\n    </form>', '0', '2020-01-10 15:41:11');
INSERT INTO `gt_portalDetail` VALUES (59, 31, 'Bienvenido', '8.jpg', '  \r\n    <form name=\"leads_form\" method=\"post\">\r\n        <input type=\"text\" name=\"nombreCliente\" placeholder=\"Nombre completo\" id=\"nomreUser\">\r\n        <input type=\"text\" name=\"telefonoCliente\" placeholder=\"Telefono de contacto\" id=\"telUser\">\r\n        <input type=\"text\" name=\"emailCliente\" placeholder=\"Correo electronico\" id=\"emailUser\">\r\n        <input type=\"text\" name=\"emailCliente\" placeholder=\"Quien le refirio\" >\r\n        <div class=\"login-help\">\r\n            <ul class=\"list\">\r\n                <li class=\"list__item\">\r\n                    <label class=\"label--checkbox\">\r\n                        <input type=\"checkbox\" class=\"checkbox\" onchange=\"disableSubmit(!this.checked)\">\r\n                        <span> Acepto todos los <a target=\"_blank\" rel=\"noopener\" href=\"#\"> términos y condiciones</a></span>\r\n                    </label>\r\n                </li>\r\n            </ul>\r\n        </div>\r\n        <input type=\"submit\" name=\"accept\" class=\"login login-submit\" value=\"Enviar\" id=\"btnLogin\" disabled>\r\n        ___FBBTN___\r\n    </form>', '0', '2020-01-10 15:42:09');
INSERT INTO `gt_portalDetail` VALUES (60, 31, 'Bienvenido', '8.jpg', '  \r\n    <form name=\"leads_form\" method=\"post\">\r\n        <input type=\"text\" name=\"nombreCliente\" placeholder=\"Nombre completo\" id=\"nomreUser\">\r\n        <input type=\"text\" name=\"telefonoCliente\" placeholder=\"Telefono de contacto\" id=\"telUser\">\r\n        <input type=\"text\" name=\"emailCliente\" placeholder=\"Correo electronico\" id=\"emailUser\">\r\n        <input type=\"text\" name=\"quienCliente\" placeholder=\"Quien le refirio\" >\r\n        <div class=\"login-help\">\r\n            <ul class=\"list\">\r\n                <li class=\"list__item\">\r\n                    <label class=\"label--checkbox\">\r\n                        <input type=\"checkbox\" class=\"checkbox\" onchange=\"disableSubmit(!this.checked)\">\r\n                        <span> Acepto todos los <a target=\"_blank\" rel=\"noopener\" href=\"#\"> términos y condiciones</a></span>\r\n                    </label>\r\n                </li>\r\n            </ul>\r\n        </div>\r\n        <input type=\"submit\" name=\"accept\" class=\"login login-submit\" value=\"Enviar\" id=\"btnLogin\" disabled>\r\n        ___FBBTN___\r\n    </form>', '0', '2020-01-10 15:42:26');
INSERT INTO `gt_portalDetail` VALUES (61, 31, 'Bienvenido', '8.jpg', '  \r\n    <form name=\"leads_form\" method=\"post\">\r\n        <input type=\"text\" name=\"nombreCliente\" placeholder=\"Nombre completo\" id=\"nomreUser\">\r\n        <input type=\"text\" name=\"telefonoCliente\" placeholder=\"Telefono de contacto\" id=\"telUser\">\r\n        <input type=\"text\" name=\"emailCliente\" placeholder=\"Correo electronico\" id=\"emailUser\">\r\n        <input type=\"text\" name=\"quienCliente\" placeholder=\"Quien le refirio\" >\r\n        <div class=\"login-help\">\r\n            <ul class=\"list\">\r\n                <li class=\"list__item\">\r\n                    <label class=\"label--checkbox\">\r\n                        <input type=\"checkbox\" class=\"checkbox\" onchange=\"disableSubmit(!this.checked)\">\r\n                        <span> Acepto todos los <a target=\"_blank\" rel=\"noopener\" href=\"#\"> términos y condiciones</a></span>\r\n                    </label>\r\n                </li>\r\n            </ul>\r\n        </div>\r\n        <input type=\"submit\" name=\"accept\" class=\"login login-submit\" value=\"Enviar\" id=\"btnLogin\" disabled>\r\n        ___FBBTN___\r\n    </form>', '1', '2020-01-10 15:42:59');
INSERT INTO `gt_portalDetail` VALUES (62, 32, 'Ingrese sus datos para continuar', '1.jpg', '  \r\n    <form name=\"leads_form\" method=\"post\">\r\n        <input type=\"text\" name=\"nombreCliente\" placeholder=\"Nombre completo\" id=\"nomreUser\">\r\n        <input type=\"text\" name=\"telefonoCliente\" placeholder=\"Telefono de contacto\" id=\"telUser\">\r\n        <input type=\"text\" name=\"emailCliente\" placeholder=\"Correo electronico\" id=\"emailUser\">\r\n        <div class=\"login-help\">\r\n            <ul class=\"list\">\r\n                <li class=\"list__item\">\r\n                    <label class=\"label--checkbox\">\r\n                        <input type=\"checkbox\" class=\"checkbox\" onchange=\"disableSubmit(!this.checked)\">\r\n                        <span> Acepto todos los <a target=\"_blank\" rel=\"noopener\" href=\"#\"> términos y condiciones</a></span>\r\n                    </label>\r\n                </li>\r\n            </ul>\r\n        </div>\r\n        <input type=\"submit\" name=\"accept\" class=\"login login-submit\" value=\"Enviar\" id=\"btnLogin\" disabled>\r\n        ___FBBTN___\r\n    </form>', '0', '2020-01-10 15:44:42');
INSERT INTO `gt_portalDetail` VALUES (63, 32, 'Bienvenidos a mi portal', '1.jpg', '  \r\n    <form name=\"leads_form\" method=\"post\">\r\n        <input type=\"text\" name=\"nombreCliente\" placeholder=\"Nombre completo\" id=\"nomreUser\">\r\n        <input type=\"text\" name=\"telefonoCliente\" placeholder=\"Telefono de contacto\" id=\"telUser\">\r\n        <input type=\"text\" name=\"emailCliente\" placeholder=\"Correo electronico\" id=\"emailUser\">\r\n        <div class=\"login-help\">\r\n            <ul class=\"list\">\r\n                <li class=\"list__item\">\r\n                    <label class=\"label--checkbox\">\r\n                        <input type=\"checkbox\" class=\"checkbox\" onchange=\"disableSubmit(!this.checked)\">\r\n                        <span> Acepto todos los <a target=\"_blank\" rel=\"noopener\" href=\"#\"> términos y condiciones</a></span>\r\n                    </label>\r\n                </li>\r\n            </ul>\r\n        </div>\r\n        <input type=\"submit\" name=\"accept\" class=\"login login-submit\" value=\"Enviar\" id=\"btnLogin\" disabled>\r\n        ___FBBTN___\r\n    </form>', '0', '2020-01-10 15:45:29');
INSERT INTO `gt_portalDetail` VALUES (64, 31, 'Bienvenido', '9.jpg', '  \r\n    <form name=\"leads_form\" method=\"post\">\r\n        <input type=\"text\" name=\"nombreCliente\" placeholder=\"Nombre completo\" id=\"nomreUser\">\r\n        <input type=\"text\" name=\"telefonoCliente\" placeholder=\"Telefono de contacto\" id=\"telUser\">\r\n        <input type=\"text\" name=\"emailCliente\" placeholder=\"Correo electronico\" id=\"emailUser\">\r\n        <input type=\"text\" name=\"quienCliente\" placeholder=\"Quien le refirio\" >\r\n        <div class=\"login-help\">\r\n            <ul class=\"list\">\r\n                <li class=\"list__item\">\r\n                    <label class=\"label--checkbox\">\r\n                        <input type=\"checkbox\" class=\"checkbox\" onchange=\"disableSubmit(!this.checked)\">\r\n                        <span> Acepto todos los <a target=\"_blank\" rel=\"noopener\" href=\"#\"> términos y condiciones</a></span>\r\n                    </label>\r\n                </li>\r\n            </ul>\r\n        </div>\r\n        <input type=\"submit\" name=\"accept\" class=\"login login-submit\" value=\"Enviar\" id=\"btnLogin\" disabled>\r\n        ___FBBTN___\r\n    </form>', '1', '2020-01-10 16:15:33');
INSERT INTO `gt_portalDetail` VALUES (65, 31, 'Bienvenido', '9.jpg', '  \r\n    <form name=\"leads_form\" method=\"post\">\r\n        <input type=\"text\" name=\"nombreCliente\" placeholder=\"Nombre completo\" id=\"nomreUser\">\r\n        <input type=\"text\" name=\"telefonoCliente\" placeholder=\"Telefono de contacto\" id=\"telUser\">\r\n        <input type=\"text\" name=\"emailCliente\" placeholder=\"Correo electronico\" id=\"emailUser\">\r\n        <div class=\"login-help\">\r\n            <ul class=\"list\">\r\n                <li class=\"list__item\">\r\n                    <label class=\"label--checkbox\">\r\n                        <input type=\"checkbox\" class=\"checkbox\" onchange=\"disableSubmit(!this.checked)\">\r\n                        <span> Acepto todos los <a target=\"_blank\" rel=\"noopener\" href=\"#\"> términos y condiciones</a></span>\r\n                    </label>\r\n                </li>\r\n            </ul>\r\n        </div>\r\n        <input type=\"submit\" name=\"accept\" class=\"login login-submit\" value=\"Enviar\" id=\"btnLogin\" disabled>\r\n        ___FBBTN___\r\n    </form>', '1', '2020-01-10 16:17:37');
INSERT INTO `gt_portalDetail` VALUES (66, 31, 'Bienvenido a mi portal', '9.jpg', '  \r\n    <form name=\"leads_form\" method=\"post\">\r\n        <input type=\"text\" name=\"nombreCliente\" placeholder=\"Nombre completo\" id=\"nomreUser\">\r\n        <input type=\"text\" name=\"telefonoCliente\" placeholder=\"Telefono de contacto\" id=\"telUser\">\r\n        <input type=\"text\" name=\"emailCliente\" placeholder=\"Correo electronico\" id=\"emailUser\">\r\n        <div class=\"login-help\">\r\n            <ul class=\"list\">\r\n                <li class=\"list__item\">\r\n                    <label class=\"label--checkbox\">\r\n                        <input type=\"checkbox\" class=\"checkbox\" onchange=\"disableSubmit(!this.checked)\">\r\n                        <span> Acepto todos los <a target=\"_blank\" rel=\"noopener\" href=\"#\"> términos y condiciones</a></span>\r\n                    </label>\r\n                </li>\r\n            </ul>\r\n        </div>\r\n        <input type=\"submit\" name=\"accept\" class=\"login login-submit\" value=\"Enviar\" id=\"btnLogin\" disabled>\r\n        ___FBBTN___\r\n    </form>', '1', '2020-01-10 16:18:14');
INSERT INTO `gt_portalDetail` VALUES (67, 31, 'Bienvenido a mi portal', '9.jpg', '  \r\n    <form name=\"leads_form\" method=\"post\">\r\n        <input type=\"text\" name=\"nombreCliente\" placeholder=\"Nombre completo\" id=\"nomreUser\">\r\n        <input type=\"text\" name=\"telefonoCliente\" placeholder=\"Telefono de contacto\" id=\"telUser\">\r\n        <input type=\"text\" name=\"emailCliente\" placeholder=\"Correo electronico\" id=\"emailUser\">\r\n        <div class=\"login-help\">\r\n            <ul class=\"list\">\r\n                <li class=\"list__item\">\r\n                    <label class=\"label--checkbox\">\r\n                        <input type=\"checkbox\" class=\"checkbox\" onchange=\"disableSubmit(!this.checked)\">\r\n                        <span> Acepto todos los <a target=\"_blank\" rel=\"noopener\" href=\"#\"> términos y condiciones</a></span>\r\n                    </label>\r\n                </li>\r\n            </ul>\r\n        </div>\r\n        <input type=\"submit\" name=\"accept\" class=\"login login-submit\" value=\"Enviar\" id=\"btnLogin\" disabled>\r\n        ___FBBTN___\r\n    </form>', '1', '2020-01-10 16:19:06');
INSERT INTO `gt_portalDetail` VALUES (68, 31, 'Bienvenido a mi portal', '9.jpg', '  \r\n    <form name=\"leads_form\" method=\"post\">\r\n        <input type=\"text\" name=\"nombreCliente\" placeholder=\"Nombre completo\" id=\"nomreUser\">\r\n        <input type=\"text\" name=\"telefonoCliente\" placeholder=\"Telefono de contacto\" id=\"telUser\">\r\n        <input type=\"text\" name=\"emailCliente\" placeholder=\"Correo electronico\" id=\"emailUser\">\r\n        <div class=\"login-help\">\r\n            <ul class=\"list\">\r\n                <li class=\"list__item\">\r\n                    <label class=\"label--checkbox\">\r\n                        <input type=\"checkbox\" class=\"checkbox\" onchange=\"disableSubmit(!this.checked)\">\r\n                        <span> Acepto todos los <a target=\"_blank\" rel=\"noopener\" href=\"#\"> términos y condiciones</a></span>\r\n                    </label>\r\n                </li>\r\n            </ul>\r\n        </div>\r\n        <input type=\"submit\" name=\"accept\" class=\"login login-submit\" value=\"Enviar\" id=\"btnLogin\" disabled>\r\n        ___FBBTN___\r\n    </form>', '1', '2020-01-10 16:20:53');
INSERT INTO `gt_portalDetail` VALUES (69, 31, 'Bienvenido a mi portal', '10.jpg', '  \r\n    <form name=\"leads_form\" method=\"post\">\r\n        <input type=\"text\" name=\"nombreCliente\" placeholder=\"Nombre completo\" id=\"nomreUser\">\r\n        <input type=\"text\" name=\"telefonoCliente\" placeholder=\"Telefono de contacto\" id=\"telUser\">\r\n        <input type=\"text\" name=\"emailCliente\" placeholder=\"Correo electronico\" id=\"emailUser\">\r\n        <div class=\"login-help\">\r\n            <ul class=\"list\">\r\n                <li class=\"list__item\">\r\n                    <label class=\"label--checkbox\">\r\n                        <input type=\"checkbox\" class=\"checkbox\" onchange=\"disableSubmit(!this.checked)\">\r\n                        <span> Acepto todos los <a target=\"_blank\" rel=\"noopener\" href=\"#\"> términos y condiciones</a></span>\r\n                    </label>\r\n                </li>\r\n            </ul>\r\n        </div>\r\n        <input type=\"submit\" name=\"accept\" class=\"login login-submit\" value=\"Enviar\" id=\"btnLogin\" disabled>\r\n        ___FBBTN___\r\n    </form>', '1', '2020-01-10 16:29:01');
INSERT INTO `gt_portalDetail` VALUES (70, 32, 'Bienvenidos a mi portal', '11.jpg', '  \r\n    <form name=\"leads_form\" method=\"post\">\r\n        <input type=\"text\" name=\"nombreCliente\" placeholder=\"Nombre completo\" id=\"nomreUser\">\r\n        <input type=\"text\" name=\"telefonoCliente\" placeholder=\"Telefono de contacto\" id=\"telUser\">\r\n        <input type=\"text\" name=\"emailCliente\" placeholder=\"Correo electronico\" id=\"emailUser\">\r\n        <div class=\"login-help\">\r\n            <ul class=\"list\">\r\n                <li class=\"list__item\">\r\n                    <label class=\"label--checkbox\">\r\n                        <input type=\"checkbox\" class=\"checkbox\" onchange=\"disableSubmit(!this.checked)\">\r\n                        <span> Acepto todos los <a target=\"_blank\" rel=\"noopener\" href=\"#\"> términos y condiciones</a></span>\r\n                    </label>\r\n                </li>\r\n            </ul>\r\n        </div>\r\n        <input type=\"submit\" name=\"accept\" class=\"login login-submit\" value=\"Enviar\" id=\"btnLogin\" disabled>\r\n        ___FBBTN___\r\n    </form>', '0', '2020-01-10 16:43:40');
INSERT INTO `gt_portalDetail` VALUES (71, 31, 'Bienvenido a mi portal', '10.jpg', '  \r\n    <form name=\"leads_form\" method=\"post\">\r\n        <input type=\"text\" name=\"nombreCliente\" placeholder=\"Nombre completo\" id=\"nomreUser\">\r\n        <input type=\"text\" name=\"telefonoCliente\" placeholder=\"Telefono de contacto\" id=\"telUser\">\r\n        <input type=\"text\" name=\"emailCliente\" placeholder=\"Correo electronicoooo\" id=\"emailUser\">\r\n        <div class=\"login-help\">\r\n            <ul class=\"list\">\r\n                <li class=\"list__item\">\r\n                    <label class=\"label--checkbox\">\r\n                        <input type=\"checkbox\" class=\"checkbox\" onchange=\"disableSubmit(!this.checked)\">\r\n                        <span> Acepto todos los <a target=\"_blank\" rel=\"noopener\" href=\"#\"> términos y condiciones</a></span>\r\n                    </label>\r\n                </li>\r\n            </ul>\r\n        </div>\r\n        <input type=\"submit\" name=\"accept\" class=\"login login-submit\" value=\"Enviar\" id=\"btnLogin\" disabled>\r\n        ___FBBTN___\r\n    </form>', '1', '2020-01-10 16:46:44');
INSERT INTO `gt_portalDetail` VALUES (72, 31, 'Bienvenido a mi portal', '10.jpg', '  \r\n    <form name=\"leads_form\" method=\"post\">\r\n        <input type=\"text\" name=\"nombreCliente\" placeholder=\"Nombre completo\" id=\"nomreUser\">\r\n        <input type=\"text\" name=\"telefonoCliente\" placeholder=\"Telefono de contacto\" id=\"telUser\">\r\n        <input type=\"text\" name=\"emailCliente\" placeholder=\"Correo electronicoooo\" id=\"emailUser\">\r\n        <div class=\"login-help\">\r\n            <ul class=\"list\">\r\n                <li class=\"list__item\">\r\n                    <label class=\"label--checkbox\">\r\n                        <input type=\"checkbox\" class=\"checkbox\" onchange=\"disableSubmit(!this.checked)\">\r\n                        <span> Acepto todos los <a target=\"_blank\" rel=\"noopener\" href=\"#\"> términos y condiciones</a></span>\r\n                    </label>\r\n                </li>\r\n            </ul>\r\n        </div>\r\n        <input type=\"submit\" name=\"accept\" class=\"login login-submit\" value=\"Enviar\" id=\"btnLogin\" disabled>\r\n        ___FBBTN___\r\n    </form>', '1', '2020-01-10 16:47:12');
INSERT INTO `gt_portalDetail` VALUES (73, 31, 'Bienvenido a mi portal', '10.jpg', '  \r\n    <form name=\"leads_form\" method=\"post\">\r\n        <input type=\"text\" name=\"nombreCliente\" placeholder=\"Nombre completo\" id=\"nomreUser\">\r\n        <input type=\"text\" name=\"telefonoCliente\" placeholder=\"Telefono de contacto\" id=\"telUser\">\r\n        <input type=\"text\" name=\"emailCliente\" placeholder=\"Correo electronicoooo\" id=\"emailUser\">\r\n        <div class=\"login-help\">\r\n            <ul class=\"list\">\r\n                <li class=\"list__item\">\r\n                    <label class=\"label--checkbox\">\r\n                        <input type=\"checkbox\" class=\"checkbox\" onchange=\"disableSubmit(!this.checked)\">\r\n                        <span> Acepto todos los <a target=\"_blank\" rel=\"noopener\" href=\"#\"> términos y condiciones</a></span>\r\n                    </label>\r\n                </li>\r\n            </ul>\r\n        </div>\r\n        <input type=\"submit\" name=\"accept\" class=\"login login-submit\" value=\"Enviar\" id=\"btnLogin\" disabled>\r\n        ___FBBTN___\r\n    </form>', '1', '2020-01-10 16:47:43');
INSERT INTO `gt_portalDetail` VALUES (74, 31, 'Bienvenido a mi portal', '10.jpg', '  \r\n    <form name=\"leads_form\" method=\"post\">\r\n        <input type=\"text\" name=\"nombreCliente\" placeholder=\"Nombre completo\" id=\"nomreUser\">\r\n        <input type=\"text\" name=\"telefonoCliente\" placeholder=\"Telefono de contacto\" id=\"telUser\">\r\n        <input type=\"text\" name=\"emailCliente\" placeholder=\"Correo electronico\" id=\"emailUser\">\r\n        <div class=\"login-help\">\r\n            <ul class=\"list\">\r\n                <li class=\"list__item\">\r\n                    <label class=\"label--checkbox\">\r\n                        <input type=\"checkbox\" class=\"checkbox\" onchange=\"disableSubmit(!this.checked)\">\r\n                        <span> Acepto todos los <a target=\"_blank\" rel=\"noopener\" href=\"#\"> términos y condiciones</a></span>\r\n                    </label>\r\n                </li>\r\n            </ul>\r\n        </div>\r\n        <input type=\"submit\" name=\"accept\" class=\"login login-submit\" value=\"Enviar\" id=\"btnLogin\" disabled>\r\n        ___FBBTN___\r\n    </form>', '1', '2020-01-10 16:48:00');
INSERT INTO `gt_portalDetail` VALUES (75, 31, 'Bienvenido a mi portalll', '10.jpg', '  \r\n    <form name=\"leads_form\" method=\"post\">\r\n        <input type=\"text\" name=\"nombreCliente\" placeholder=\"Nombre completo\" id=\"nomreUser\">\r\n        <input type=\"text\" name=\"telefonoCliente\" placeholder=\"Telefono de contacto\" id=\"telUser\">\r\n        <input type=\"text\" name=\"emailCliente\" placeholder=\"Correo electronico\" id=\"emailUser\">\r\n        <div class=\"login-help\">\r\n            <ul class=\"list\">\r\n                <li class=\"list__item\">\r\n                    <label class=\"label--checkbox\">\r\n                        <input type=\"checkbox\" class=\"checkbox\" onchange=\"disableSubmit(!this.checked)\">\r\n                        <span> Acepto todos los <a target=\"_blank\" rel=\"noopener\" href=\"#\"> términos y condiciones</a></span>\r\n                    </label>\r\n                </li>\r\n            </ul>\r\n        </div>\r\n        <input type=\"submit\" name=\"accept\" class=\"login login-submit\" value=\"Enviar\" id=\"btnLogin\" disabled>\r\n        ___FBBTN___\r\n    </form>', '1', '2020-01-10 16:56:25');
INSERT INTO `gt_portalDetail` VALUES (76, 31, 'Bienvenido a mi portalll', '10.jpg', '  \r\n    <form name=\"leads_form\" method=\"post\">\r\n        <input type=\"text\" name=\"nombreCliente\" placeholder=\"Nombre completo\" id=\"nomreUser\">\r\n        <input type=\"text\" name=\"telefonoCliente\" placeholder=\"Telefono de contacto\" id=\"telUser\">\r\n        <input type=\"text\" name=\"emailCliente\" placeholder=\"Correo electronico\" id=\"emailUser\">\r\n        <div class=\"login-help\">\r\n            <ul class=\"list\">\r\n                <li class=\"list__item\">\r\n                    <label class=\"label--checkbox\">\r\n                        <input type=\"checkbox\" class=\"checkbox\" onchange=\"disableSubmit(!this.checked)\">\r\n                        <span> Acepto todos los <a target=\"_blank\" rel=\"noopener\" href=\"#\"> términos y condiciones</a></span>\r\n                    </label>\r\n                </li>\r\n            </ul>\r\n        </div>\r\n        <input type=\"submit\" name=\"accept\" class=\"login login-submit\" value=\"Enviar\" id=\"btnLogin\" disabled>\r\n        ___FBBTN___\r\n    </form>', '1', '2020-01-10 16:56:33');
INSERT INTO `gt_portalDetail` VALUES (77, 31, 'Bienvenido a mi portalll', '10.jpg', '  \r\n    <form name=\"leads_form\" method=\"post\">\r\n        <input type=\"text\" name=\"nombreCliente\" placeholder=\"Nombre completo\" id=\"nomreUser\">\r\n        <input type=\"text\" name=\"telefonoCliente\" placeholder=\"Telefono de contacto\" id=\"telUser\">\r\n        <input type=\"text\" name=\"emailCliente\" placeholder=\"Correo electronico\" id=\"emailUser\">\r\n        <div class=\"login-help\">\r\n            <ul class=\"list\">\r\n                <li class=\"list__item\">\r\n                    <label class=\"label--checkbox\">\r\n                        <input type=\"checkbox\" class=\"checkbox\" onchange=\"disableSubmit(!this.checked)\">\r\n                        <span> Acepto todos los <a target=\"_blank\" rel=\"noopener\" href=\"#\"> términos y condiciones</a></span>\r\n                    </label>\r\n                </li>\r\n            </ul>\r\n        </div>\r\n        <input type=\"submit\" name=\"accept\" class=\"login login-submit\" value=\"Enviar\" id=\"btnLogin\" disabled>\r\n        ___FBBTN___\r\n    </form>', '1', '2020-01-10 16:56:43');
INSERT INTO `gt_portalDetail` VALUES (78, 31, 'Bienvenido a mi portalll', '10.jpg', '  \r\n    <form name=\"leads_form\" method=\"post\">\r\n        <input type=\"text\" name=\"nombreCliente\" placeholder=\"Nombre completo\" id=\"nomreUser\">\r\n        <input type=\"text\" name=\"telefonoCliente\" placeholder=\"Telefono de contacto\" id=\"telUser\">\r\n        <input type=\"text\" name=\"emailCliente\" placeholder=\"Correo electronico\" id=\"emailUser\">\r\n        <div class=\"login-help\">\r\n            <ul class=\"list\">\r\n                <li class=\"list__item\">\r\n                    <label class=\"label--checkbox\">\r\n                        <input type=\"checkbox\" class=\"checkbox\" onchange=\"disableSubmit(!this.checked)\">\r\n                        <span> Acepto todos los <a target=\"_blank\" rel=\"noopener\" href=\"#\"> términos y condiciones</a></span>\r\n                    </label>\r\n                </li>\r\n            </ul>\r\n        </div>\r\n        <input type=\"submit\" name=\"accept\" class=\"login login-submit\" value=\"Enviar\" id=\"btnLogin\" disabled>\r\n        ___FBBTN___\r\n    </form>', '1', '2020-01-10 16:56:53');
INSERT INTO `gt_portalDetail` VALUES (79, 31, 'Bienvenido a mi portal', '10.jpg', '  \r\n    <form name=\"leads_form\" method=\"post\">\r\n        <input type=\"text\" name=\"nombreCliente\" placeholder=\"Nombre completo\" id=\"nomreUser\">\r\n        <input type=\"text\" name=\"telefonoCliente\" placeholder=\"Telefono de contacto\" id=\"telUser\">\r\n        <input type=\"text\" name=\"emailCliente\" placeholder=\"Correo electronico\" id=\"emailUser\">\r\n        <div class=\"login-help\">\r\n            <ul class=\"list\">\r\n                <li class=\"list__item\">\r\n                    <label class=\"label--checkbox\">\r\n                        <input type=\"checkbox\" class=\"checkbox\" onchange=\"disableSubmit(!this.checked)\">\r\n                        <span> Acepto todos los <a target=\"_blank\" rel=\"noopener\" href=\"#\"> términos y condiciones</a></span>\r\n                    </label>\r\n                </li>\r\n            </ul>\r\n        </div>\r\n        <input type=\"submit\" name=\"accept\" class=\"login login-submit\" value=\"Enviar\" id=\"btnLogin\" disabled>\r\n        ___FBBTN___\r\n    </form>', '1', '2020-01-10 16:58:32');
INSERT INTO `gt_portalDetail` VALUES (80, 31, 'Bienvenido a mi portal', '10.jpg', '  \r\n    <form name=\"leads_form\" method=\"post\">\r\n        <input type=\"text\" name=\"nombreCliente\" placeholder=\"Nombre completo\" id=\"nomreUser\">\r\n        <input type=\"text\" name=\"telefonoCliente\" placeholder=\"Telefono de contacto\" id=\"telUser\">\r\n        <input type=\"text\" name=\"emailCliente\" placeholder=\"Correo electronico\" id=\"emailUser\">\r\n        <div class=\"login-help\">\r\n            <ul class=\"list\">\r\n                <li class=\"list__item\">\r\n                    <label class=\"label--checkbox\">\r\n                        <input type=\"checkbox\" class=\"checkbox\" onchange=\"disableSubmit(!this.checked)\">\r\n                        <span> Acepto todos los <a target=\"_blank\" rel=\"noopener\" href=\"#\"> términos y condiciones</a></span>\r\n                    </label>\r\n                </li>\r\n            </ul>\r\n        </div>\r\n        <input type=\"submit\" name=\"accept\" class=\"login login-submit\" value=\"Enviar\" id=\"btnLogin\" disabled>\r\n        ___FBBTN___\r\n    </form>', '1', '2020-01-10 17:25:15');
INSERT INTO `gt_portalDetail` VALUES (81, 31, 'Bienvenidos', '10.jpg', '  \r\n    <form name=\"leads_form\" method=\"post\">\r\n        <input type=\"text\" name=\"nombreCliente\" placeholder=\"Nombre completo\" id=\"nomreUser\">\r\n        <input type=\"text\" name=\"telefonoCliente\" placeholder=\"Telefono de contacto\" id=\"telUser\">\r\n        <input type=\"text\" name=\"emailCliente\" placeholder=\"Correo electronico\" id=\"emailUser\">\r\n        <div class=\"login-help\">\r\n            <ul class=\"list\">\r\n                <li class=\"list__item\">\r\n                    <label class=\"label--checkbox\">\r\n                        <input type=\"checkbox\" class=\"checkbox\" onchange=\"disableSubmit(!this.checked)\">\r\n                        <span> Acepto todos los <a target=\"_blank\" rel=\"noopener\" href=\"#\"> términos y condiciones</a></span>\r\n                    </label>\r\n                </li>\r\n            </ul>\r\n        </div>\r\n        <input type=\"submit\" name=\"accept\" class=\"login login-submit\" value=\"Enviar\" id=\"btnLogin\" disabled>\r\n        ___FBBTN___\r\n    </form>', '1', '2020-01-10 17:25:29');
INSERT INTO `gt_portalDetail` VALUES (82, 31, 'Bienvenidos', '10.jpg', '  \r\n    <form name=\"leads_form\" method=\"post\">\r\n        <input type=\"text\" name=\"nombreCliente\" placeholder=\"Nombre completo\" id=\"nomreUser\">\r\n        <input type=\"text\" name=\"telefonoCliente\" placeholder=\"Telefono de contacto\" id=\"telUser\">\r\n        <input type=\"text\" name=\"emailCliente\" placeholder=\"Correo electronico\" id=\"emailUser\">\r\n        <div class=\"login-help\">\r\n            <ul class=\"list\">\r\n                <li class=\"list__item\">\r\n                    <label class=\"label--checkbox\">\r\n                        <input type=\"checkbox\" class=\"checkbox\" onchange=\"disableSubmit(!this.checked)\">\r\n                        <span> Acepto todos los <a target=\"_blank\" rel=\"noopener\" href=\"#\"> términos y condiciones</a></span>\r\n                    </label>\r\n                </li>\r\n            </ul>\r\n        </div>\r\n        <input type=\"submit\" name=\"accept\" class=\"login login-submit\" value=\"Enviar\" id=\"btnLogin\" disabled>\r\n        ___FBBTN___\r\n    </form>', '0', '2020-01-10 21:03:44');
INSERT INTO `gt_portalDetail` VALUES (83, 32, 'Bienvenidos a mi portal', '11.jpg', '<form name=\"leads_form\" method=\"post\" id=\"leadsForm\">\r\n        <input type=\"text\" name=\"nombreCliente\" placeholder=\"Nombre completo\" id=\"nomreUser\">\r\n        <input type=\"text\" name=\"telefonoCliente\" placeholder=\"Telefono de contacto\" id=\"telUser\">\r\n        <input type=\"text\" name=\"emailCliente\" placeholder=\"Correo electronico\" id=\"emailUser\">\r\n        <div class=\"login-help\">\r\n            <ul class=\"list\">\r\n                <li class=\"list__item\">\r\n                    <label class=\"label--checkbox\">\r\n                        <input type=\"checkbox\" class=\"checkbox\" onchange=\"disableSubmit(!this.checked)\">\r\n                        <span> Acepto todos los <a target=\"_blank\" rel=\"noopener\" href=\"#\"> términos y condiciones</a></span>\r\n                    </label>\r\n                </li>\r\n            </ul>\r\n        </div>\r\n        <input type=\"submit\" name=\"accept\" class=\"login login-submit\" value=\"Enviar\" id=\"btnLogin\" disabled>\r\n        ___FBBTN___\r\n    </form>', '0', '2020-01-13 18:36:20');
INSERT INTO `gt_portalDetail` VALUES (84, 33, 'Ingrese sus datos para continuar', '1.jpg', '  \n    <form name=\"leads_form\" method=\"post\" id=\"leadsForm\">\n        <input type=\"text\" name=\"nombreCliente\" placeholder=\"Nombre completo\" id=\"nomreUser\">\n        <input type=\"text\" name=\"telefonoCliente\" placeholder=\"Telefono de contacto\" id=\"telUser\">\n        <input type=\"text\" name=\"emailCliente\" placeholder=\"Correo electronico\" id=\"emailUser\">\n        <div class=\"login-help\">\n            <ul class=\"list\">\n                <li class=\"list__item\">\n                    <label class=\"label--checkbox\">\n                        <input type=\"checkbox\" class=\"checkbox\" onchange=\"disableSubmit(!this.checked)\">\n                        <span> Acepto todos los <a target=\"_blank\" rel=\"noopener\" href=\"#\"> términos y condiciones</a></span>\n                    </label>\n                </li>\n            </ul>\n        </div>\n        <input type=\"submit\" name=\"accept\" class=\"login login-submit\" value=\"Enviar\" id=\"btnLogin\" disabled>\n        ___FBBTN___\n    </form>', '0', '2020-01-13 19:06:15');
INSERT INTO `gt_portalDetail` VALUES (85, 33, 'Ingrese sus datos para continuar', '12.jpg', '  \n    <form name=\"leads_form\" method=\"post\" id=\"leadsForm\">\n        <input type=\"text\" name=\"nombreCliente\" placeholder=\"Nombre completo\" id=\"nomreUser\">\n        <input type=\"text\" name=\"telefonoCliente\" placeholder=\"Telefono de contacto\" id=\"telUser\">\n        <input type=\"text\" name=\"emailCliente\" placeholder=\"Correo electronico\" id=\"emailUser\">\n        <div class=\"login-help\">\n            <ul class=\"list\">\n                <li class=\"list__item\">\n                    <label class=\"label--checkbox\">\n                        <input type=\"checkbox\" class=\"checkbox\" onchange=\"disableSubmit(!this.checked)\">\n                        <span> Acepto todos los <a target=\"_blank\" rel=\"noopener\" href=\"#\"> términos y condiciones</a></span>\n                    </label>\n                </li>\n            </ul>\n        </div>\n        <input type=\"submit\" name=\"accept\" class=\"login login-submit\" value=\"Enviar\" id=\"btnLogin\" disabled>\n        ___FBBTN___\n    </form>', '0', '2020-01-13 19:07:39');

-- ----------------------------
-- Table structure for gt_portals
-- ----------------------------
DROP TABLE IF EXISTS `gt_portals`;
CREATE TABLE `gt_portals`  (
  `idPortal` int(255) NOT NULL AUTO_INCREMENT,
  `namePortal` varchar(255) CHARACTER SET latin1 COLLATE latin1_swedish_ci NULL DEFAULT NULL,
  `imgPortal` varchar(255) CHARACTER SET latin1 COLLATE latin1_swedish_ci NULL DEFAULT NULL,
  `datePortal` varchar(255) CHARACTER SET latin1 COLLATE latin1_swedish_ci NULL DEFAULT NULL,
  `agentPortal` varchar(255) CHARACTER SET latin1 COLLATE latin1_swedish_ci NULL DEFAULT NULL,
  `statusPortal` varchar(255) CHARACTER SET latin1 COLLATE latin1_swedish_ci NULL DEFAULT NULL,
  `lastUpdatedPortal` varchar(255) CHARACTER SET latin1 COLLATE latin1_swedish_ci NULL DEFAULT NULL,
  `limitPortal` varchar(255) CHARACTER SET latin1 COLLATE latin1_swedish_ci NULL DEFAULT NULL,
  `urlPortal` varchar(255) CHARACTER SET latin1 COLLATE latin1_swedish_ci NULL DEFAULT NULL,
  `deletedPortal` varchar(255) CHARACTER SET latin1 COLLATE latin1_swedish_ci NULL DEFAULT NULL,
  PRIMARY KEY (`idPortal`) USING BTREE
) ENGINE = InnoDB AUTO_INCREMENT = 34 CHARACTER SET = latin1 COLLATE = latin1_swedish_ci ROW_FORMAT = Compact;

-- ----------------------------
-- Records of gt_portals
-- ----------------------------
INSERT INTO `gt_portals` VALUES (29, 'Portal Principalgg', '43.jpg', '2020-01-08 16:45:07', 'Frank Villa', 'false', '2020-01-08 16:45:07', '400', 'portal_de_testing', '1');
INSERT INTO `gt_portals` VALUES (30, 'prueba 09', '46.jpg', '2020-01-09 17:27:21', 'Frank Montagne', 'true', '2020-01-09 17:27:21', '250', 'prueba_de_portal_nuevo', '1');
INSERT INTO `gt_portals` VALUES (31, 'Portal Exitoso', '48.jpg', '2020-01-09 23:04:31', 'Frank ', 'true', '2020-01-09 23:04:31', '2525', 'portal_exitosisimo', '0');
INSERT INTO `gt_portals` VALUES (32, 'Cliente', '45.jpg', '2020-01-10 15:44:42', 'Dnaais', 'false', '2020-01-10 15:44:42', '250', 'bienvenido_', '0');
INSERT INTO `gt_portals` VALUES (33, 'Go Trade', '49.png', '2020-01-13 19:06:15', 'Frank Montagne', 'true', '2020-01-13 19:06:15', '25', 'portal_go_trade', '0');

-- ----------------------------
-- Table structure for gt_tomas
-- ----------------------------
DROP TABLE IF EXISTS `gt_tomas`;
CREATE TABLE `gt_tomas`  (
  `idToma` int(255) NOT NULL AUTO_INCREMENT,
  `userToma` varchar(255) CHARACTER SET latin1 COLLATE latin1_swedish_ci NULL DEFAULT NULL,
  `fechaToma` varchar(255) CHARACTER SET latin1 COLLATE latin1_swedish_ci NULL DEFAULT NULL,
  `objToma` varchar(5000) CHARACTER SET latin1 COLLATE latin1_swedish_ci NULL DEFAULT NULL,
  `statusToma` varchar(255) CHARACTER SET latin1 COLLATE latin1_swedish_ci NULL DEFAULT NULL,
  PRIMARY KEY (`idToma`) USING BTREE
) ENGINE = InnoDB AUTO_INCREMENT = 28 CHARACTER SET = latin1 COLLATE = latin1_swedish_ci ROW_FORMAT = Compact;

-- ----------------------------
-- Records of gt_tomas
-- ----------------------------
INSERT INTO `gt_tomas` VALUES (1, '3', '2020-09-26 19:31:39', NULL, '1');
INSERT INTO `gt_tomas` VALUES (2, '3', '2020-09-26 19:36:57', NULL, '1');
INSERT INTO `gt_tomas` VALUES (3, '3', '2020-09-26 19:38:04', NULL, '1');
INSERT INTO `gt_tomas` VALUES (4, '3', '2020-09-26 19:40:01', NULL, '1');
INSERT INTO `gt_tomas` VALUES (5, '3', '2020-09-26 19:44:10', NULL, '1');
INSERT INTO `gt_tomas` VALUES (6, '3', '2020-09-26 19:44:25', NULL, '1');
INSERT INTO `gt_tomas` VALUES (7, '3', '2020-09-26 19:47:06', '\"{\"inventario\":{\"inventariodetail\":[{\"bodega\":\"21\",\"ubicacion\":\"12312312\",\"cajamaster\":\"0000\",\"codbarras\":\"567456werw\",\"unidades\":\"1\"}]}}\"', '1');
INSERT INTO `gt_tomas` VALUES (8, '3', '2020-09-26 19:47:20', '\"{\"inventario\":{\"inventariodetail\":[{\"bodega\":\"21\",\"ubicacion\":\"12312312\",\"cajamaster\":\"0000\",\"codbarras\":\"567456werw\",\"unidades\":\"1\"},{\"bodega\":\"21\",\"ubicacion\":\"12312312\",\"cajamaster\":\"3534\",\"codbarras\":\"567456werw\",\"unidades\":\"1\"}]}}\"', '1');
INSERT INTO `gt_tomas` VALUES (9, '3', '2020-09-26 20:25:58', '\"{\"inventario\":{\"inventariodetail\":[{\"bodega\":\"21\",\"ubicacion\":\"12312312\",\"cajamaster\":\"3534\",\"codbarras\":\"567456werw\",\"unidades\":\"1\"}]}}\"', '1');
INSERT INTO `gt_tomas` VALUES (10, '3', '2020-09-26 20:27:59', '\"{\"inventario\":{\"inventariodetail\":[{\"bodega\":\"21\",\"ubicacion\":\"12312312\",\"cajamaster\":\"3534\",\"codbarras\":\"567456werw\",\"unidades\":\"1\"}]}}\"', '1');
INSERT INTO `gt_tomas` VALUES (11, '3', '2020-09-26 20:30:15', '\"{\"inventario\":{\"inventariodetail\":[{\"bodega\":\"21\",\"ubicacion\":\"234234\",\"cajamaster\":\"3534\",\"codbarras\":\"567456werw\",\"unidades\":\"1\"},{\"bodega\":\"21\",\"ubicacion\":\"234234\",\"cajamaster\":\"0000\",\"codbarras\":\"567456werw\",\"unidades\":\"1\"}]}}\"', '1');
INSERT INTO `gt_tomas` VALUES (12, '3', '2020-09-26 20:31:08', '\"{\"inventario\":{\"inventariodetail\":[{\"bodega\":\"21\",\"ubicacion\":\"213123\",\"cajamaster\":\"3534\",\"codbarras\":\"567456werw\",\"unidades\":\"1\"}]}}\"', '1');
INSERT INTO `gt_tomas` VALUES (13, '3', '2020-09-26 20:32:43', '\"{\"inventario\":{\"inventariodetail\":[{\"bodega\":\"21\",\"ubicacion\":\"12312312\",\"cajamaster\":\"3534\",\"codbarras\":\"567456werw\",\"unidades\":\"1\"}]}}\"', '1');
INSERT INTO `gt_tomas` VALUES (14, '3', '2020-09-26 20:38:24', '\"{\"inventario\":{\"inventariodetail\":[{\"bodega\":\"21\",\"ubicacion\":\"12312312\",\"cajamaster\":\"3534\",\"codbarras\":\"567456werw\",\"unidades\":\"1\"}]}}\"', '1');
INSERT INTO `gt_tomas` VALUES (15, '3', '2020-09-26 20:42:24', '\"{\"inventario\":{\"inventariodetail\":[{\"bodega\":\"21\",\"ubicacion\":\"awdawd\",\"cajamaster\":\"3534\",\"codbarras\":\"567456werw\",\"unidades\":\"1\"}]}}\"', '1');
INSERT INTO `gt_tomas` VALUES (16, '3', '2020-09-26 20:47:29', '\"{\"inventario\":{\"inventariodetail\":[{\"bodega\":\"21\",\"ubicacion\":\"234234\",\"cajamaster\":\"3534\",\"codbarras\":\"567456werw\",\"unidades\":\"1\"}]}}\"', '1');
INSERT INTO `gt_tomas` VALUES (17, '3', '2020-09-26 21:34:47', '\"{\"inventario\":{\"inventariodetail\":[{\"bodega\":\"21\",\"ubicacion\":\"213123\",\"cajamaster\":\"3534\",\"codbarras\":\"567456werw\",\"unidades\":\"1\"}]}}\"', '1');
INSERT INTO `gt_tomas` VALUES (18, '3', '2020-09-26 21:43:12', '\"{\"inventario\":{\"inventariodetail\":[{\"bodega\":\"21\",\"ubicacion\":\"213123\",\"cajamaster\":\"3534\",\"codbarras\":\"567456werw\",\"unidades\":\"1\"}]}}\"', '1');
INSERT INTO `gt_tomas` VALUES (19, '3', '2020-09-26 22:11:58', '\"{\"inventario\":{\"inventariodetail\":[{\"bodega\":\"21\",\"ubicacion\":\"213123\",\"cajamaster\":\"76897645\",\"codbarras\":\"567897654\",\"unidades\":\"1\"},{\"bodega\":\"21\",\"ubicacion\":\"213123\",\"cajamaster\":\"76897645\",\"codbarras\":\"347845\",\"unidades\":\"1\"},{\"bodega\":\"21\",\"ubicacion\":\"213123\",\"cajamaster\":\"76897645\",\"codbarras\":\"8774635678\",\"unidades\":\"1\"},{\"bodega\":\"21\",\"ubicacion\":\"213123\",\"cajamaster\":\"76897645\",\"codbarras\":\"435897087645\",\"unidades\":\"1\"},{\"bodega\":\"21\",\"ubicacion\":\"213123\",\"cajamaster\":\"76897645\",\"codbarras\":\"4378909754\",\"unidades\":\"1\"},{\"bodega\":\"21\",\"ubicacion\":\"213123\",\"cajamaster\":\"76897645\",\"codbarras\":\"56879087654\",\"unidades\":\"1\"},{\"bodega\":\"21\",\"ubicacion\":\"213123\",\"cajamaster\":\"76897645\",\"codbarras\":\"56789087654\",\"unidades\":\"1\"},{\"bodega\":\"21\",\"ubicacion\":\"213123\",\"cajamaster\":\"76897645\",\"codbarras\":\"45678908765\",\"unidades\":\"1\"}]}}\"', '1');
INSERT INTO `gt_tomas` VALUES (20, '3', '2020-09-26 22:22:29', '\"{\"inventario\":{\"inventariodetail\":[{\"bodega\":\"21\",\"ubicacion\":\"234\",\"cajamaster\":\"3534\",\"codbarras\":\"567456werw\",\"unidades\":\"2\"}]}}\"', '1');
INSERT INTO `gt_tomas` VALUES (21, '3', '2020-09-26 23:33:48', '\"{\"inventario\":{\"inventariodetail\":[{\"bodega\":\"21\",\"ubicacion\":\"ASSF433\",\"cajamaster\":\"3\",\"codbarras\":\"JJJHH99I3\",\"unidades\":\"1\"}]}}\"', '1');
INSERT INTO `gt_tomas` VALUES (22, '4', '2020-09-26 23:41:53', '\"{\"inventario\":{\"inventariodetail\":[{\"bodega\":\"21\",\"ubicacion\":\"Hy\",\"cajamaster\":\"Jejdj\",\"codbarras\":\"8\",\"unidades\":\"1\"},{\"bodega\":\"21\",\"ubicacion\":\"Hy\",\"cajamaster\":\"Jejdj\",\"codbarras\":\"Udisjs\",\"unidades\":\"1\"},{\"bodega\":\"21\",\"ubicacion\":\"Hy\",\"cajamaster\":\"Jejdj\",\"codbarras\":\"Jdjsjs\",\"unidades\":\"1\"},{\"bodega\":\"21\",\"ubicacion\":\"Hy\",\"cajamaster\":\"Jejdj\",\"codbarras\":\"Kendke\",\"unidades\":\"1\"},{\"bodega\":\"21\",\"ubicacion\":\"Hy\",\"cajamaster\":\"Jejdj\",\"codbarras\":\"Jejeje\",\"unidades\":\"1\"},{\"bodega\":\"21\",\"ubicacion\":\"Hy\",\"cajamaster\":\"Jejdj\",\"codbarras\":\"jejeje\",\"unidades\":\"1\"},{\"bodega\":\"21\",\"ubicacion\":\"Hy\",\"cajamaster\":\"Jejdj\",\"codbarras\":\"Jdjdjd\",\"unidades\":\"1\"},{\"bodega\":\"21\",\"ubicacion\":\"Hy\",\"cajamaster\":\"Jejdj\",\"codbarras\":\"uejdu\",\"unidades\":\"1\"}]}}\"', '1');
INSERT INTO `gt_tomas` VALUES (23, '3', '2020-09-28 20:30:42', '\"{\"inventario\":{\"inventariodetail\":[{\"bodega\":\"21\",\"ubicacion\":\"vnhfghftg\",\"cajamaster\":\"e5t4rgtd5gr5\",\"codbarras\":\"56yhrthr6hy\",\"unidades\":\"1\",\"usuario\":\"3\"}]}}\"', '1');
INSERT INTO `gt_tomas` VALUES (24, '3', '2020-09-28 20:39:10', '\"{\"inventario\":{\"inventariodetail\":[{\"bodega\":\"21\",\"ubicacion\":\"test\",\"cajamaster\":\"test\",\"codbarras\":\"test\",\"unidades\":\"2\",\"usuario\":\"3\",\"gondola\":\"123123123\"},{\"bodega\":\"21\",\"ubicacion\":\"test\",\"cajamaster\":\"test\",\"codbarras\":\"testtest\",\"unidades\":\"1\",\"usuario\":\"3\",\"gondola\":\"123123123\"}],\"filas\":\"3\"}}\"', '1');
INSERT INTO `gt_tomas` VALUES (25, '3', '2020-09-28 20:56:47', '\"{\"inventario\":{\"inventariodetail\":[{\"bodega\":\"21\",\"ubicacion\":\"12312312\",\"cajamaster\":\"3534\",\"codbarras\":\"567456werw\",\"unidades\":\"1\",\"usuario\":\"3\",\"gondola\":\"12312\"},{\"bodega\":\"21\",\"ubicacion\":\"12312312\",\"cajamaster\":\"0000\",\"codbarras\":\"dzrfg\",\"unidades\":\"1\",\"usuario\":\"3\",\"gondola\":\"12312\"},{\"bodega\":\"21\",\"ubicacion\":\"12312312\",\"cajamaster\":\"0000\",\"codbarras\":\"szw4afzw43fze4\",\"unidades\":\"1\",\"usuario\":\"3\",\"gondola\":\"12312\"}],\"filas\":\"3\"}}\"', '1');
INSERT INTO `gt_tomas` VALUES (26, '3', '2020-09-28 21:02:03', '\"{\"inventario\":{\"inventariodetail\":[{\"bodega\":\"21\",\"ubicacion\":\"324234\",\"cajamaster\":\"345345\",\"codbarras\":\"345345\",\"unidades\":\"1\",\"usuario\":\"3\",\"gondola\":\"54657\"}],\"filas\":\"1\"}}\"', '1');
INSERT INTO `gt_tomas` VALUES (27, '3', '2020-09-29 21:36:22', '\"{\"inventario\":{\"inventariodetail\":[{\"bodega\":\"21\",\"ubicacion\":\"999999999\",\"cajamaster\":\"0000\",\"codbarras\":\"TESTDEPRODUCTO\",\"unidades\":\"1\",\"usuario\":\"3\",\"gondola\":\"9999999\"}],\"filas\":\"1\"}}\"', '1');

-- ----------------------------
-- Table structure for gt_usuario
-- ----------------------------
DROP TABLE IF EXISTS `gt_usuario`;
CREATE TABLE `gt_usuario`  (
  `idUsuario` int(255) NOT NULL AUTO_INCREMENT,
  `userUsuario` varchar(255) CHARACTER SET latin1 COLLATE latin1_swedish_ci NULL DEFAULT NULL,
  `passUsuario` varchar(255) CHARACTER SET latin1 COLLATE latin1_swedish_ci NULL DEFAULT NULL,
  `nombreUsuario` varchar(255) CHARACTER SET latin1 COLLATE latin1_swedish_ci NULL DEFAULT NULL,
  `loginUsuario` varchar(255) CHARACTER SET latin1 COLLATE latin1_swedish_ci NULL DEFAULT NULL,
  `rolUsuario` varchar(255) CHARACTER SET latin1 COLLATE latin1_swedish_ci NULL DEFAULT NULL,
  `temaUsuario` varchar(255) CHARACTER SET latin1 COLLATE latin1_swedish_ci NULL DEFAULT NULL,
  `panelUsuario` varchar(255) CHARACTER SET latin1 COLLATE latin1_swedish_ci NULL DEFAULT NULL,
  PRIMARY KEY (`idUsuario`) USING BTREE
) ENGINE = InnoDB AUTO_INCREMENT = 5 CHARACTER SET = latin1 COLLATE = latin1_swedish_ci ROW_FORMAT = Compact;

-- ----------------------------
-- Records of gt_usuario
-- ----------------------------
INSERT INTO `gt_usuario` VALUES (1, 'burton', 'e831cd0313161e1d78dab9e02b9ea1828ee5a1ba52d585baddb8207f13c955d7f7bcc7b3ecad640afa0466234b5f585ad67175b37f48e281ee3cedf4229170a9', 'Frank Montagne', '2020-09-26 17:46:20', 'Administrador', 'light', 'home');
INSERT INTO `gt_usuario` VALUES (2, 'gotrade', '43148576426014ed320a600cab66ba465e277b623da094883aa7f3f5f5e93f308649bc279d101ee3e828ccf89423e232cb2ceccf4f3de0fc9159628916ecdc42', 'Go TRADE', '2020-01-10 15:31:17', 'Administrador', 'dark', 'home');
INSERT INTO `gt_usuario` VALUES (3, 'join', '02ba552e82bed91da444dda508ec836862bbc12fd7e8a151219c2a7b9412654564c4c2ebb7643cba6b6680d70984dbea662457a3e8d1ef94cbe667a32367a9c6', 'Join Ecuador', '2020-10-02 19:47:54', 'Administrador', 'light', 'home');
INSERT INTO `gt_usuario` VALUES (4, 'agora', 'cd8c8c307b43a2c160b9b9e94bf5b9e47c4c2b963532f96de3b34c4dd0c23e087ad189ca3f594e9ce1d020d8341cec3300eb9b91cc868871216edb3b333b9a7c', 'Francisco Yanza', '2020-09-26 23:39:29', 'Administrador', 'light', 'home');

-- ----------------------------
-- Table structure for gt_visits
-- ----------------------------
DROP TABLE IF EXISTS `gt_visits`;
CREATE TABLE `gt_visits`  (
  `idVisit` int(255) NOT NULL AUTO_INCREMENT,
  `guidVisit` varchar(255) CHARACTER SET latin1 COLLATE latin1_swedish_ci NULL DEFAULT NULL,
  `idLead` varchar(255) CHARACTER SET latin1 COLLATE latin1_swedish_ci NULL DEFAULT NULL,
  `dateVisit` varchar(300) CHARACTER SET latin1 COLLATE latin1_swedish_ci NULL DEFAULT NULL,
  `portalVisit` varchar(255) CHARACTER SET latin1 COLLATE latin1_swedish_ci NULL DEFAULT NULL,
  `typeVisit` varchar(255) CHARACTER SET latin1 COLLATE latin1_swedish_ci NULL DEFAULT NULL,
  PRIMARY KEY (`idVisit`) USING BTREE
) ENGINE = MyISAM AUTO_INCREMENT = 13 CHARACTER SET = latin1 COLLATE = latin1_swedish_ci ROW_FORMAT = Dynamic;

-- ----------------------------
-- Records of gt_visits
-- ----------------------------
INSERT INTO `gt_visits` VALUES (1, '', '', '2020-08-03 23:55:41', 'portal_exitosisimo', '0');
INSERT INTO `gt_visits` VALUES (2, '', '', '2020-08-03 23:59:27', 'portal_exitosisimo', '0');
INSERT INTO `gt_visits` VALUES (3, '', '', '2020-08-03 23:59:52', 'portal_exitosisimo', '0');
INSERT INTO `gt_visits` VALUES (4, '', '', '2020-08-04 00:00:13', 'bienvenido_', '0');
INSERT INTO `gt_visits` VALUES (5, '', '', '2020-08-04 00:00:18', 'bienvenido_', '0');
INSERT INTO `gt_visits` VALUES (6, '', '', '2020-08-04 00:00:53', 'portal_go_trade', '0');
INSERT INTO `gt_visits` VALUES (7, '', '', '2020-08-04 00:01:10', 'portal_exitosisimo', '0');
INSERT INTO `gt_visits` VALUES (8, '', '', '2020-08-04 00:01:53', 'portal_exitosisimo', '0');
INSERT INTO `gt_visits` VALUES (9, '', '', '2020-08-04 00:02:43', 'portal_exitosisimo', '0');
INSERT INTO `gt_visits` VALUES (10, '', '', '2020-08-04 00:02:52', 'portal_exitosisimo', '0');
INSERT INTO `gt_visits` VALUES (11, '', '', '2020-08-04 00:02:55', 'portal_exitosisimo', '0');
INSERT INTO `gt_visits` VALUES (12, '', '', '2020-08-04 00:03:19', 'portal_exitosisimo', '0');

SET FOREIGN_KEY_CHECKS = 1;
